SampleID,_MODEL_,_TYPE_,_DEPVAR_,_RMSE_,Intercept,ers_tot,ers_tot1,ers_tot2,RB1
1,MODEL1,PARMS,RB1,0.939511893,3.246578029,0.161690509,1.682762985,-3.530227994,-1
2,MODEL1,PARMS,RB1,1.067151788,3.115213475,0.22938738,0.64076169,-1.24920428,-1
3,MODEL1,PARMS,RB1,1.091233018,3.670548714,0.038572998,2.242893606,-4.371774013,-1
4,MODEL1,PARMS,RB1,0.915183912,2.656772036,0.319488616,0.681752139,-1.564717802,-1
5,MODEL1,PARMS,RB1,0.979037235,3.557909567,0.106287176,1.229558898,-2.360514237,-1
6,MODEL1,PARMS,RB1,0.944427787,2.045995954,0.531936766,-1.299263047,2.408771874,-1
7,MODEL1,PARMS,RB1,0.869352587,2.174003501,0.431751744,0.223898569,-0.584431448,-1
8,MODEL1,PARMS,RB1,0.852769598,2.839986021,0.298129223,0.228954544,-0.553796313,-1
9,MODEL1,PARMS,RB1,0.887455572,2.801731683,0.267626286,1.259496463,-2.713949973,-1
10,MODEL1,PARMS,RB1,0.860914918,2.101280262,0.521601537,-0.931795678,1.605495303,-1
11,MODEL1,PARMS,RB1,0.92331199,2.595228307,0.380206664,-0.296644114,0.368850832,-1
12,MODEL1,PARMS,RB1,0.884251472,3.002772795,0.23866921,0.856351586,-1.810214559,-1
13,MODEL1,PARMS,RB1,0.989584252,2.303632806,0.420820344,0.145865871,-0.561281746,-1
14,MODEL1,PARMS,RB1,0.966305968,3.083465363,0.185770876,1.338951039,-2.548263513,-1
15,MODEL1,PARMS,RB1,0.915171985,3.603379079,0.09663189,1.094453924,-1.984177436,-1
16,MODEL1,PARMS,RB1,0.953940295,2.972198255,0.241226271,0.711472946,-1.507701654,-1
17,MODEL1,PARMS,RB1,1.118871836,3.348263169,0.142685913,1.276241396,-2.404323271,-1
18,MODEL1,PARMS,RB1,0.890466123,2.395652976,0.417870014,-0.231596467,0.209086852,-1
19,MODEL1,PARMS,RB1,0.911104092,2.668009585,0.323434175,0.564044667,-1.30555101,-1
20,MODEL1,PARMS,RB1,0.967731116,2.481516686,0.355589517,0.660703302,-1.582813307,-1
21,MODEL1,PARMS,RB1,0.999972949,3.533915029,0.109206599,1.376231877,-2.649690547,-1
22,MODEL1,PARMS,RB1,0.9745423,2.721690924,0.322862195,0.781075334,-1.875719872,-1
23,MODEL1,PARMS,RB1,0.852553802,2.053691431,0.512401447,-0.617737776,0.870170734,-1
24,MODEL1,PARMS,RB1,0.889652012,2.977410361,0.233104069,0.957683271,-1.994976149,-1
25,MODEL1,PARMS,RB1,1.13115554,3.134474081,0.205811333,1.407490989,-3.054216892,-1
26,MODEL1,PARMS,RB1,0.93649875,2.571670195,0.399532964,-0.002507445,-0.285737487,-1
27,MODEL1,PARMS,RB1,0.898650098,2.569265984,0.336788098,0.402458227,-0.904254887,-1
28,MODEL1,PARMS,RB1,0.869389115,3.111705046,0.222817737,0.648201759,-1.342192517,-1
29,MODEL1,PARMS,RB1,0.876547601,2.843392255,0.268571621,0.889728595,-1.806335759,-1
30,MODEL1,PARMS,RB1,0.956718161,2.205649135,0.483702314,-0.789864985,1.254056013,-1
31,MODEL1,PARMS,RB1,0.92996726,2.87801425,0.274351717,0.516397095,-1.176504225,-1
32,MODEL1,PARMS,RB1,1.139013738,2.352617868,0.431098796,0.481801014,-1.428721672,-1
33,MODEL1,PARMS,RB1,0.934390061,3.014782599,0.230651767,0.834406221,-1.763570925,-1
34,MODEL1,PARMS,RB1,0.985263442,3.761712703,0.028250595,1.828593737,-3.455778881,-1
35,MODEL1,PARMS,RB1,0.890999879,3.090086853,0.177755952,1.493930573,-3.069744577,-1
36,MODEL1,PARMS,RB1,1.053091918,2.664499413,0.328129462,0.827152185,-1.906174512,-1
37,MODEL1,PARMS,RB1,1.020951133,2.197139624,0.469803701,0.043890863,-0.527233709,-1
38,MODEL1,PARMS,RB1,0.904270866,3.18412002,0.199875042,1.005885315,-2.024679497,-1
39,MODEL1,PARMS,RB1,0.887857727,3.049911244,0.206574065,0.97500202,-1.906858795,-1
40,MODEL1,PARMS,RB1,0.88265876,2.551707223,0.355376598,0.288706737,-0.840032474,-1
41,MODEL1,PARMS,RB1,0.855551355,2.173300831,0.48675992,-0.449793346,0.464777936,-1
42,MODEL1,PARMS,RB1,0.898348267,2.664214298,0.301394994,1.099364833,-2.459364016,-1
43,MODEL1,PARMS,RB1,1.295935479,3.530762159,0.03331516,2.860789254,-5.574685246,-1
44,MODEL1,PARMS,RB1,0.863016494,2.780602457,0.313830557,-0.07499085,-0.009298876,-1
45,MODEL1,PARMS,RB1,0.895138288,3.414330987,0.144960028,0.605029693,-0.982047123,-1
46,MODEL1,PARMS,RB1,0.88653124,3.009922819,0.238846065,0.492170596,-0.996044148,-1
47,MODEL1,PARMS,RB1,0.920782478,2.862189316,0.268851002,0.844724403,-1.847983964,-1
48,MODEL1,PARMS,RB1,0.934520168,2.318895391,0.422181093,0.076961844,-0.45018231,-1
49,MODEL1,PARMS,RB1,1.075825524,2.39153418,0.401365218,0.331091179,-1.041126281,-1
50,MODEL1,PARMS,RB1,0.979117242,2.794176445,0.299491143,0.373090424,-0.830767459,-1
51,MODEL1,PARMS,RB1,0.966920046,2.567043869,0.411648103,-0.516698031,0.905713591,-1
52,MODEL1,PARMS,RB1,0.802798634,2.98717879,0.248512941,0.477281389,-1.099972925,-1
53,MODEL1,PARMS,RB1,0.921810038,3.233732006,0.195602922,0.712567284,-1.472098511,-1
54,MODEL1,PARMS,RB1,0.973472962,2.141299361,0.51067596,-0.760537644,1.259463112,-1
55,MODEL1,PARMS,RB1,0.90897307,2.390502809,0.429070175,-0.300901504,0.299745304,-1
56,MODEL1,PARMS,RB1,0.886245255,1.690431411,0.588709652,-0.435284612,0.542429769,-1
57,MODEL1,PARMS,RB1,0.930156149,3.483673918,0.104866525,1.349956333,-2.487341832,-1
58,MODEL1,PARMS,RB1,0.939043451,2.210680113,0.477073445,-0.566352267,0.814198165,-1
59,MODEL1,PARMS,RB1,0.86451708,2.532628441,0.37813405,0.007301594,-0.125863293,-1
60,MODEL1,PARMS,RB1,0.828527094,3.135939274,0.193151461,0.931441042,-1.821483138,-1
61,MODEL1,PARMS,RB1,0.816681056,2.541142613,0.389350863,-0.175428795,0.11371867,-1
62,MODEL1,PARMS,RB1,0.968843642,2.003155729,0.506632637,-0.396968391,0.353984466,-1
63,MODEL1,PARMS,RB1,0.904055587,1.723900242,0.597973689,-1.134171333,1.910985757,-1
64,MODEL1,PARMS,RB1,0.969213099,2.867360457,0.241869702,1.222097679,-2.443512021,-1
65,MODEL1,PARMS,RB1,0.949091168,2.66159979,0.355235731,-0.042076606,-0.155350818,-1
66,MODEL1,PARMS,RB1,0.940111458,3.034857055,0.22021949,0.545008503,-1.042114463,-1
67,MODEL1,PARMS,RB1,0.900066216,2.397661503,0.442736073,-0.325993458,0.352486091,-1
68,MODEL1,PARMS,RB1,0.915670313,3.240167824,0.183972045,0.845787314,-1.718889295,-1
69,MODEL1,PARMS,RB1,0.913726701,2.866605496,0.271720544,0.588972967,-1.229460476,-1
70,MODEL1,PARMS,RB1,1.006036941,2.668516415,0.325056913,0.329962848,-0.86466608,-1
71,MODEL1,PARMS,RB1,0.9471374,3.180626421,0.185762602,1.29175792,-2.645983641,-1
72,MODEL1,PARMS,RB1,0.9341981,3.601996893,0.041393652,1.539818868,-2.873361674,-1
73,MODEL1,PARMS,RB1,0.906144522,2.098100396,0.469524965,0.392050832,-1.166073454,-1
74,MODEL1,PARMS,RB1,0.854279504,3.179263892,0.177157029,0.893741928,-1.743482726,-1
75,MODEL1,PARMS,RB1,0.868396336,3.594737669,0.058394122,1.542612139,-2.867752293,-1
76,MODEL1,PARMS,RB1,0.981121578,2.918345784,0.303846732,0.246358808,-0.654501501,-1
77,MODEL1,PARMS,RB1,0.987731869,2.765981671,0.314688559,0.406965045,-0.989211099,-1
78,MODEL1,PARMS,RB1,0.880322145,2.793780195,0.299656948,0.47579117,-0.95521228,-1
79,MODEL1,PARMS,RB1,0.942229014,2.414156299,0.404538165,-0.050733674,-0.123190944,-1
80,MODEL1,PARMS,RB1,0.90305188,1.751278517,0.595200841,-0.742003016,1.010857147,-1
81,MODEL1,PARMS,RB1,0.90759711,3.125548169,0.220323113,0.676491311,-1.437941502,-1
82,MODEL1,PARMS,RB1,0.945083685,2.476538534,0.386591639,0.673561574,-1.607349068,-1
83,MODEL1,PARMS,RB1,0.906731121,3.022523681,0.239343208,0.680777173,-1.393006386,-1
84,MODEL1,PARMS,RB1,0.901349154,3.071376521,0.25625918,0.006375795,0.098110023,-1
85,MODEL1,PARMS,RB1,1.085859497,3.101039077,0.217026925,1.016445528,-2.070763288,-1
86,MODEL1,PARMS,RB1,0.864577948,3.053807429,0.257685577,0.020070016,0.052786132,-1
87,MODEL1,PARMS,RB1,0.980092953,3.090968314,0.203765426,1.296731602,-2.56700186,-1
88,MODEL1,PARMS,RB1,0.877678293,3.046579162,0.221010952,0.889424682,-1.829640626,-1
89,MODEL1,PARMS,RB1,0.88005293,3.249873294,0.138326303,1.438557947,-2.763755679,-1
90,MODEL1,PARMS,RB1,1.074409171,3.243679002,0.164340116,1.516547391,-3.059295742,-1
91,MODEL1,PARMS,RB1,0.869224467,2.184085687,0.437370017,0.257740997,-0.82721737,-1
92,MODEL1,PARMS,RB1,0.865468585,2.458461476,0.36799715,0.46285579,-1.11234181,-1
93,MODEL1,PARMS,RB1,0.903295662,2.199333104,0.484815782,-0.355515811,0.254306769,-1
94,MODEL1,PARMS,RB1,0.914462507,2.733287543,0.297197648,0.786490085,-1.70804116,-1
95,MODEL1,PARMS,RB1,0.902371108,2.810113007,0.290846042,0.760662875,-1.660410723,-1
96,MODEL1,PARMS,RB1,0.881299498,3.235717002,0.156854392,1.339915818,-2.553627658,-1
97,MODEL1,PARMS,RB1,0.871123974,2.859007515,0.313187113,0.160487182,-0.547665986,-1
98,MODEL1,PARMS,RB1,0.903011844,3.1601288,0.183104691,0.779022477,-1.512048769,-1
99,MODEL1,PARMS,RB1,0.92675317,3.280689829,0.148503555,1.187449397,-2.364152812,-1
100,MODEL1,PARMS,RB1,0.871644399,2.532507626,0.362421688,0.329552369,-0.823332322,-1
101,MODEL1,PARMS,RB1,0.935169871,3.089744995,0.227517838,0.619302499,-1.270879746,-1
102,MODEL1,PARMS,RB1,1.028930092,2.056479813,0.492293725,0.155789895,-0.762325924,-1
103,MODEL1,PARMS,RB1,0.970145388,3.102389987,0.218727395,1.111102826,-2.343187286,-1
104,MODEL1,PARMS,RB1,0.874303902,2.706766572,0.322423474,0.327635165,-0.731279178,-1
105,MODEL1,PARMS,RB1,0.875823548,2.800745367,0.290209538,0.491875485,-1.032471654,-1
106,MODEL1,PARMS,RB1,0.971242589,2.975017935,0.254036017,0.64537366,-1.361213761,-1
107,MODEL1,PARMS,RB1,0.940507804,2.039694698,0.509729493,-0.428494851,0.450532629,-1
108,MODEL1,PARMS,RB1,0.948102976,2.085714002,0.498475873,-0.512275964,0.701462736,-1
109,MODEL1,PARMS,RB1,1.082357551,3.512931136,0.080824646,1.908465036,-3.729631594,-1
110,MODEL1,PARMS,RB1,1.021396614,2.549539395,0.381680407,-0.097861704,0.028202261,-1
111,MODEL1,PARMS,RB1,0.87568136,3.566206981,0.102524138,0.705843701,-1.184241392,-1
112,MODEL1,PARMS,RB1,0.910521748,2.242425237,0.462166802,-0.263895253,0.192502794,-1
113,MODEL1,PARMS,RB1,0.929191189,2.676271068,0.350535076,-0.128150804,0.154432836,-1
114,MODEL1,PARMS,RB1,0.978193486,3.560107385,0.040271865,1.943236343,-3.673793392,-1
115,MODEL1,PARMS,RB1,0.959191297,3.393736119,0.15571014,0.658806009,-1.314953614,-1
116,MODEL1,PARMS,RB1,0.909188051,2.765177671,0.298556664,0.570153686,-1.191220897,-1
117,MODEL1,PARMS,RB1,0.955144783,3.159429192,0.23502754,0.077576168,-0.075170834,-1
118,MODEL1,PARMS,RB1,0.917547661,3.719335474,0.03105652,1.646722589,-3.119393879,-1
119,MODEL1,PARMS,RB1,0.922826461,2.498841806,0.413137191,-0.362621415,0.621147393,-1
120,MODEL1,PARMS,RB1,0.932192733,2.780332,0.295765385,0.649173745,-1.451653573,-1
121,MODEL1,PARMS,RB1,0.874292172,3.362335832,0.114141996,1.46459353,-2.892408852,-1
122,MODEL1,PARMS,RB1,0.95949213,3.115373186,0.219122509,1.342951097,-2.883303743,-1
123,MODEL1,PARMS,RB1,0.874566768,3.189342628,0.158315189,1.391093599,-2.843214479,-1
124,MODEL1,PARMS,RB1,0.859560466,2.571534551,0.333385595,0.989976041,-2.303516177,-1
125,MODEL1,PARMS,RB1,0.97361539,3.526992397,0.130069059,0.497789825,-0.736720501,-1
126,MODEL1,PARMS,RB1,0.94177563,2.854765927,0.297342237,0.407618161,-1.081578695,-1
127,MODEL1,PARMS,RB1,0.917568193,2.421107682,0.400962611,0.43760261,-1.249251111,-1
128,MODEL1,PARMS,RB1,0.844563019,3.868303459,-0.06453597,2.869225067,-5.499984902,-1
129,MODEL1,PARMS,RB1,0.880389305,3.402139348,0.112814184,1.379795175,-2.642949824,-1
130,MODEL1,PARMS,RB1,0.859036901,2.939745954,0.256836118,0.377170321,-0.660877207,-1
131,MODEL1,PARMS,RB1,0.889579145,2.786787181,0.343741596,-0.278795475,0.494996167,-1
132,MODEL1,PARMS,RB1,0.908860823,3.368490664,0.150626477,0.811231737,-1.641165071,-1
133,MODEL1,PARMS,RB1,0.88682739,3.354249982,0.124354421,1.716246777,-3.429649345,-1
134,MODEL1,PARMS,RB1,0.903833559,2.827108747,0.29507614,0.588926386,-1.38663874,-1
135,MODEL1,PARMS,RB1,0.877750584,2.282056627,0.414292833,0.535534207,-1.495610981,-1
136,MODEL1,PARMS,RB1,0.993359331,3.334369469,0.142089673,1.073501536,-1.85360979,-1
137,MODEL1,PARMS,RB1,0.851800956,3.005942298,0.238369038,0.47338115,-0.934017082,-1
138,MODEL1,PARMS,RB1,0.923197702,2.670065104,0.33351001,0.424454143,-0.98482259,-1
139,MODEL1,PARMS,RB1,0.964969855,2.110855072,0.488375479,-0.633433141,0.943806575,-1
140,MODEL1,PARMS,RB1,0.988641444,3.310286343,0.180164303,0.806164173,-1.595842653,-1
141,MODEL1,PARMS,RB1,0.887931245,2.685313128,0.35235267,-0.003237597,-0.082990413,-1
142,MODEL1,PARMS,RB1,0.918105886,2.911438081,0.276558294,0.350482828,-0.69621099,-1
143,MODEL1,PARMS,RB1,0.909061963,3.010777121,0.248514591,0.421759239,-0.775735867,-1
144,MODEL1,PARMS,RB1,0.89288645,2.019786023,0.493465994,0.219408478,-0.796332931,-1
145,MODEL1,PARMS,RB1,1.041665359,2.832587293,0.289787477,0.615715264,-1.351592859,-1
146,MODEL1,PARMS,RB1,0.840851559,4.083520306,-0.045498584,1.645140347,-2.969881109,-1
147,MODEL1,PARMS,RB1,0.890442816,2.953629481,0.256958798,0.890159682,-1.839724417,-1
148,MODEL1,PARMS,RB1,1.039239347,1.730435009,0.622317786,-1.167122221,1.920572019,-1
149,MODEL1,PARMS,RB1,0.948329507,2.64769077,0.333872882,0.186692153,-0.528775638,-1
150,MODEL1,PARMS,RB1,1.01427632,3.25346368,0.144034417,1.411130246,-2.770586795,-1
151,MODEL1,PARMS,RB1,0.844593923,3.022640976,0.223873574,0.320689705,-0.512876353,-1
152,MODEL1,PARMS,RB1,0.900430974,2.938692415,0.287947441,0.321911465,-0.789899815,-1
153,MODEL1,PARMS,RB1,0.899102912,3.307529825,0.153205667,1.148456823,-2.234483623,-1
154,MODEL1,PARMS,RB1,0.875591593,2.383419306,0.416758107,-0.379576582,0.598516155,-1
155,MODEL1,PARMS,RB1,0.900516766,3.234019855,0.133495692,1.765214591,-3.491501742,-1
156,MODEL1,PARMS,RB1,0.835311525,3.455723526,0.112211045,1.508346521,-2.984454977,-1
157,MODEL1,PARMS,RB1,0.868051997,2.410055283,0.398931015,0.25610012,-0.830390133,-1
158,MODEL1,PARMS,RB1,0.972798467,2.81012569,0.298523139,0.702464117,-1.571936154,-1
159,MODEL1,PARMS,RB1,0.906078067,2.704838575,0.307328206,0.649850653,-1.57306222,-1
160,MODEL1,PARMS,RB1,0.892905285,2.130754824,0.476675493,-0.334375909,0.369192747,-1
161,MODEL1,PARMS,RB1,0.917269185,2.261125451,0.443307822,-0.15665126,-0.104650796,-1
162,MODEL1,PARMS,RB1,0.943381695,3.000240697,0.250046283,0.748481371,-1.719468153,-1
163,MODEL1,PARMS,RB1,0.91224448,2.572110149,0.355977776,0.249494947,-0.609829315,-1
164,MODEL1,PARMS,RB1,0.898085556,2.519638059,0.35647406,0.799096005,-2.068841059,-1
165,MODEL1,PARMS,RB1,0.957847051,2.692805601,0.328731234,0.392295823,-0.905384325,-1
166,MODEL1,PARMS,RB1,0.892519365,3.072337395,0.216082096,0.950082818,-1.891011017,-1
167,MODEL1,PARMS,RB1,0.925009023,3.066583154,0.200390889,1.047210826,-1.965700457,-1
168,MODEL1,PARMS,RB1,0.897188897,2.283935385,0.451078247,-0.160779852,0.059920515,-1
169,MODEL1,PARMS,RB1,0.981887062,2.807337904,0.315997581,0.36951386,-0.879389101,-1
170,MODEL1,PARMS,RB1,0.905981749,3.590712286,0.056188975,1.457411951,-2.661228938,-1
171,MODEL1,PARMS,RB1,0.852651863,3.377214764,0.115167306,1.533016506,-2.994603515,-1
172,MODEL1,PARMS,RB1,0.879671285,2.174512045,0.496714151,-0.769246532,1.311945362,-1
173,MODEL1,PARMS,RB1,0.866444113,2.211666725,0.446248927,-0.163252837,0.088569344,-1
174,MODEL1,PARMS,RB1,0.859773281,3.303043411,0.15854058,0.617542203,-1.140393102,-1
175,MODEL1,PARMS,RB1,0.922130762,2.934350181,0.269869726,0.384578484,-0.787449339,-1
176,MODEL1,PARMS,RB1,0.883031992,2.777957784,0.282521808,0.903403963,-1.966074174,-1
177,MODEL1,PARMS,RB1,0.911992647,3.239492066,0.172902035,0.907946191,-1.770817249,-1
178,MODEL1,PARMS,RB1,0.879333103,2.757826183,0.31601299,0.542988697,-1.37587198,-1
179,MODEL1,PARMS,RB1,0.930634056,3.285515226,0.19631639,0.500062044,-1.101587303,-1
180,MODEL1,PARMS,RB1,0.942232241,3.877587986,-0.003177048,1.600257491,-3.085654408,-1
181,MODEL1,PARMS,RB1,0.98696621,3.089174181,0.236805752,0.430022949,-0.788006526,-1
182,MODEL1,PARMS,RB1,0.886942689,2.904062827,0.265709792,0.693016358,-1.46590357,-1
183,MODEL1,PARMS,RB1,0.955934996,3.062088214,0.248135704,0.688504438,-1.64472498,-1
184,MODEL1,PARMS,RB1,0.881554212,2.242730827,0.499315451,-0.830464721,1.281360308,-1
185,MODEL1,PARMS,RB1,0.899879763,3.237774698,0.181966538,1.015619222,-1.930721406,-1
186,MODEL1,PARMS,RB1,0.825091538,2.545676976,0.362699402,0.137283092,-0.493402002,-1
187,MODEL1,PARMS,RB1,1.04536336,3.280701084,0.15875895,0.816101012,-1.461266909,-1
188,MODEL1,PARMS,RB1,0.922639966,4.110818317,-0.073575331,2.28025507,-4.277832583,-1
189,MODEL1,PARMS,RB1,0.91609221,3.4383372,0.10409164,1.597355531,-3.129726937,-1
190,MODEL1,PARMS,RB1,0.892212669,2.600850753,0.367236902,0.00165427,-0.197590958,-1
191,MODEL1,PARMS,RB1,1.094543491,2.745496654,0.306586039,0.510237462,-1.137739462,-1
192,MODEL1,PARMS,RB1,0.869269288,2.450447864,0.386299805,0.298461086,-0.69000665,-1
193,MODEL1,PARMS,RB1,0.939624308,2.810086257,0.288017052,0.919205514,-1.928839985,-1
194,MODEL1,PARMS,RB1,0.915672408,2.990564661,0.258068982,0.709897011,-1.427383495,-1
195,MODEL1,PARMS,RB1,0.90036873,2.302699604,0.397788674,0.97122375,-2.360108038,-1
196,MODEL1,PARMS,RB1,0.959999697,2.229679052,0.456220692,0.381372751,-1.127803632,-1
197,MODEL1,PARMS,RB1,0.90508737,4.089051192,-0.011595435,1.156194523,-2.100099936,-1
198,MODEL1,PARMS,RB1,1.077262266,3.206318482,0.197826494,1.07110767,-2.163163839,-1
199,MODEL1,PARMS,RB1,1.047250795,2.991461266,0.221497921,1.015324463,-2.097157527,-1
200,MODEL1,PARMS,RB1,1.049198604,2.438200537,0.357026619,0.776368256,-1.757883669,-1
201,MODEL1,PARMS,RB1,0.904749419,2.878180429,0.282423468,0.381873273,-0.783941489,-1
202,MODEL1,PARMS,RB1,1.008116704,2.717075228,0.313536525,0.694042086,-1.554007181,-1
203,MODEL1,PARMS,RB1,0.924325101,3.207747402,0.199942028,0.697370507,-1.340982025,-1
204,MODEL1,PARMS,RB1,0.933777641,3.008085836,0.26298523,0.334430276,-0.775549858,-1
205,MODEL1,PARMS,RB1,0.848014038,1.819683999,0.600880581,-1.378479341,2.445265037,-1
206,MODEL1,PARMS,RB1,0.917350632,2.807426729,0.293292451,0.771799252,-1.737468012,-1
207,MODEL1,PARMS,RB1,0.894086894,3.100678459,0.247412454,0.368381224,-0.729697008,-1
208,MODEL1,PARMS,RB1,0.895668752,3.10921777,0.215346004,0.853690069,-1.847194183,-1
209,MODEL1,PARMS,RB1,0.957901903,3.672995492,0.029889783,1.765403285,-3.225877772,-1
210,MODEL1,PARMS,RB1,0.889765172,4.261983982,-0.061265427,1.439245821,-2.481501255,-1
211,MODEL1,PARMS,RB1,1.021466853,3.162549253,0.198013318,1.055770997,-2.163465241,-1
212,MODEL1,PARMS,RB1,0.933458895,2.325804988,0.420686734,0.026637912,-0.323763652,-1
213,MODEL1,PARMS,RB1,0.965836446,1.848411419,0.590362042,-1.244741263,1.992063522,-1
214,MODEL1,PARMS,RB1,0.888927709,2.919532979,0.24532021,0.829450571,-1.668343427,-1
215,MODEL1,PARMS,RB1,0.88160897,2.707077398,0.351369359,-0.016739108,-0.205872594,-1
216,MODEL1,PARMS,RB1,0.968515224,3.012663933,0.230518068,0.966471488,-1.972803328,-1
217,MODEL1,PARMS,RB1,0.861865028,3.386957908,0.106326875,1.886500251,-3.845491639,-1
218,MODEL1,PARMS,RB1,0.901030758,2.4845948,0.366003431,0.677847478,-1.617817315,-1
219,MODEL1,PARMS,RB1,0.926595726,3.253589768,0.177914811,0.9795013,-1.927762694,-1
220,MODEL1,PARMS,RB1,0.954755251,2.615895751,0.336005491,0.717161204,-1.663824521,-1
221,MODEL1,PARMS,RB1,0.893881644,2.278921767,0.47077539,-0.164605192,0.08353294,-1
222,MODEL1,PARMS,RB1,0.946367559,2.930267278,0.251910598,0.765346541,-1.626300506,-1
223,MODEL1,PARMS,RB1,0.874009055,2.493308015,0.35007064,0.475258727,-1.080571047,-1
224,MODEL1,PARMS,RB1,0.927813563,1.885789525,0.533118465,-0.095466539,-0.284657835,-1
225,MODEL1,PARMS,RB1,0.86486191,3.10257044,0.207449729,1.058273,-2.14005009,-1
226,MODEL1,PARMS,RB1,1.016071423,2.772987169,0.28425535,1.126290055,-2.445006961,-1
227,MODEL1,PARMS,RB1,1.011976325,3.574735781,0.078228554,1.664837844,-3.253857307,-1
228,MODEL1,PARMS,RB1,0.882627405,3.474338822,0.081917738,1.699798126,-3.314359357,-1
229,MODEL1,PARMS,RB1,0.892661085,2.103073944,0.456589664,0.183670609,-0.693291333,-1
230,MODEL1,PARMS,RB1,0.963487155,3.898095005,0.023742985,1.144605819,-1.906555719,-1
231,MODEL1,PARMS,RB1,0.906134174,2.722667759,0.322798716,0.114277487,-0.409186254,-1
232,MODEL1,PARMS,RB1,0.878824215,3.379839456,0.112608768,1.718803746,-3.390768864,-1
233,MODEL1,PARMS,RB1,1.095881258,3.582067187,0.08708183,1.043787671,-1.991875905,-1
234,MODEL1,PARMS,RB1,0.860089378,2.917082284,0.267463505,0.826576482,-1.85884334,-1
235,MODEL1,PARMS,RB1,0.968192356,1.819856307,0.580434212,-0.52837614,0.506767497,-1
236,MODEL1,PARMS,RB1,0.913139956,3.081997858,0.209343948,0.617027759,-1.136591784,-1
237,MODEL1,PARMS,RB1,0.919481471,3.089266385,0.203833353,1.170521714,-2.44193988,-1
238,MODEL1,PARMS,RB1,0.858409182,2.14949036,0.484808634,-0.396486439,0.502247695,-1
239,MODEL1,PARMS,RB1,0.976233216,2.688795382,0.330469713,0.38961921,-0.965343855,-1
240,MODEL1,PARMS,RB1,0.99691451,2.727730299,0.348686652,0.500581158,-1.292369078,-1
241,MODEL1,PARMS,RB1,0.925311646,2.431766676,0.394720419,0.294522678,-0.890466968,-1
242,MODEL1,PARMS,RB1,0.908746078,3.227304532,0.172721925,1.185652794,-2.342376629,-1
243,MODEL1,PARMS,RB1,0.858210683,3.439163636,0.098891261,1.720658197,-3.38917803,-1
244,MODEL1,PARMS,RB1,0.951787207,2.518134904,0.371036357,0.228436287,-0.603330543,-1
245,MODEL1,PARMS,RB1,0.876767222,2.556471155,0.355990687,0.568071262,-1.463954204,-1
246,MODEL1,PARMS,RB1,1.072903843,2.660890153,0.314074669,0.833441649,-1.864047298,-1
247,MODEL1,PARMS,RB1,0.856336402,2.801654815,0.288657157,0.648232071,-1.464574156,-1
248,MODEL1,PARMS,RB1,1.166604711,3.382735237,0.097019414,1.947952728,-3.782200275,-1
249,MODEL1,PARMS,RB1,0.963852656,3.026545529,0.265646679,0.056011179,-0.073350396,-1
250,MODEL1,PARMS,RB1,0.911108484,2.838156337,0.289878871,0.162269899,-0.305888114,-1
251,MODEL1,PARMS,RB1,0.87328286,2.36404469,0.426533171,-0.29014761,0.405836927,-1
252,MODEL1,PARMS,RB1,1.183676084,2.522781614,0.390856977,0.415737373,-1.155209051,-1
253,MODEL1,PARMS,RB1,0.8781102,2.495694395,0.366494354,0.425233861,-1.100407543,-1
254,MODEL1,PARMS,RB1,0.891222349,2.319051442,0.440017521,-0.273973115,0.184932176,-1
255,MODEL1,PARMS,RB1,0.936812424,2.873701362,0.273273601,0.60413991,-1.270938079,-1
256,MODEL1,PARMS,RB1,0.898749413,2.442515729,0.382847229,0.396278422,-1.079386597,-1
257,MODEL1,PARMS,RB1,0.949134633,2.052273159,0.517217448,-0.453896573,0.486771395,-1
258,MODEL1,PARMS,RB1,0.907476876,3.166704474,0.172270053,1.390236795,-2.822863996,-1
259,MODEL1,PARMS,RB1,1.097624193,3.326404337,0.139782387,2.071670675,-4.216858611,-1
260,MODEL1,PARMS,RB1,0.893655236,3.017549371,0.210817597,1.384932061,-2.84738678,-1
261,MODEL1,PARMS,RB1,0.924392754,3.221466692,0.199588262,0.687274406,-1.286115784,-1
262,MODEL1,PARMS,RB1,0.971575146,3.652710205,0.087488335,0.961078934,-1.722240692,-1
263,MODEL1,PARMS,RB1,0.94791817,1.742044344,0.564464743,-0.169032105,-0.151836647,-1
264,MODEL1,PARMS,RB1,0.907870462,2.681023652,0.347623712,0.140938143,-0.392034614,-1
265,MODEL1,PARMS,RB1,0.907588557,2.143482866,0.490365063,-0.184457151,0.030680465,-1
266,MODEL1,PARMS,RB1,0.9737346,3.361475562,0.138522335,1.151794438,-2.196477613,-1
267,MODEL1,PARMS,RB1,0.902102987,2.319560268,0.44916046,-0.434786096,0.595446161,-1
268,MODEL1,PARMS,RB1,0.873511224,2.896186131,0.263390277,1.039367547,-2.285598056,-1
269,MODEL1,PARMS,RB1,0.904127332,3.318372319,0.17510483,0.599096056,-1.079185253,-1
270,MODEL1,PARMS,RB1,0.887165005,2.566343087,0.34913078,0.589932735,-1.400407304,-1
271,MODEL1,PARMS,RB1,0.982255997,1.831149059,0.575940162,-0.401867311,0.114107693,-1
272,MODEL1,PARMS,RB1,0.973045011,2.352384912,0.422697353,0.07562752,-0.495586134,-1
273,MODEL1,PARMS,RB1,0.932601703,3.01385166,0.244623321,0.463521963,-0.963661741,-1
274,MODEL1,PARMS,RB1,0.894724946,2.953441133,0.235353974,0.812318899,-1.589449671,-1
275,MODEL1,PARMS,RB1,0.957476164,2.543180442,0.365650931,0.483168941,-1.226878604,-1
276,MODEL1,PARMS,RB1,0.938325181,1.573230346,0.651915283,-0.88867386,1.152923515,-1
277,MODEL1,PARMS,RB1,1.074833109,3.28551367,0.120825596,1.746264685,-3.460068819,-1
278,MODEL1,PARMS,RB1,0.88141547,3.598694425,0.042073945,1.658262835,-2.989005266,-1
279,MODEL1,PARMS,RB1,0.901134777,2.450785316,0.421635886,-0.391932193,0.506403351,-1
280,MODEL1,PARMS,RB1,1.123768578,3.352659077,0.156938448,1.112857912,-2.164699563,-1
281,MODEL1,PARMS,RB1,0.917838996,1.934722132,0.559566774,-0.837579533,1.177129691,-1
282,MODEL1,PARMS,RB1,0.828283322,2.476879073,0.380828984,0.296364965,-0.889611904,-1
283,MODEL1,PARMS,RB1,0.935524564,3.949437331,0.002144227,1.619654384,-3.004723989,-1
284,MODEL1,PARMS,RB1,0.924596107,2.873532806,0.273379037,0.835267765,-1.80661204,-1
285,MODEL1,PARMS,RB1,0.983716871,2.662155108,0.346664746,0.250832489,-0.742921218,-1
286,MODEL1,PARMS,RB1,0.936038169,4.843984029,-0.25558087,2.489205684,-4.463407098,-1
287,MODEL1,PARMS,RB1,0.896489987,4.669792079,-0.240887753,2.768141527,-4.934219542,-1
288,MODEL1,PARMS,RB1,0.860450153,2.634811613,0.359766641,0.295283677,-0.928460977,-1
289,MODEL1,PARMS,RB1,1.056601986,1.91063612,0.539236283,-0.724635484,1.270384211,-1
290,MODEL1,PARMS,RB1,0.957787768,2.879062373,0.281599365,0.602529833,-1.457173753,-1
291,MODEL1,PARMS,RB1,0.867377561,2.566941571,0.337426451,0.591166289,-1.294869868,-1
292,MODEL1,PARMS,RB1,0.912735076,2.435290838,0.40973653,0.370105629,-1.169898726,-1
293,MODEL1,PARMS,RB1,0.904937683,2.227840825,0.445685432,0.300654162,-0.952021936,-1
294,MODEL1,PARMS,RB1,0.860044939,2.67912582,0.31885401,0.34186728,-0.739729033,-1
295,MODEL1,PARMS,RB1,0.875521349,2.654332398,0.318961889,0.744180257,-1.778116464,-1
296,MODEL1,PARMS,RB1,0.9161469,3.957693379,-0.002446612,1.020947601,-1.584478547,-1
297,MODEL1,PARMS,RB1,0.938227615,2.609659398,0.340056541,0.637824531,-1.419801142,-1
298,MODEL1,PARMS,RB1,0.890065504,2.971019415,0.24857532,0.596785993,-1.20987276,-1
299,MODEL1,PARMS,RB1,0.90947606,2.621435264,0.351490782,-0.074296842,0.09002509,-1
300,MODEL1,PARMS,RB1,0.894251128,2.373889532,0.432940818,-0.191736612,0.096938269,-1
301,MODEL1,PARMS,RB1,0.919835837,3.588536796,0.083050078,1.376265681,-2.734162766,-1
302,MODEL1,PARMS,RB1,0.97309938,2.169756123,0.522539857,-0.70917698,0.940638558,-1
303,MODEL1,PARMS,RB1,0.92539286,2.401792208,0.404062256,-0.096842956,0.123642252,-1
304,MODEL1,PARMS,RB1,0.877981711,2.985086766,0.27604549,0.287713061,-0.668782434,-1
305,MODEL1,PARMS,RB1,0.902178625,2.993130317,0.23739908,0.683431134,-1.357237998,-1
306,MODEL1,PARMS,RB1,0.890779922,3.419967897,0.119501763,1.317925575,-2.579651775,-1
307,MODEL1,PARMS,RB1,0.898518144,2.500454579,0.388465748,-0.075386112,-0.029784893,-1
308,MODEL1,PARMS,RB1,0.883684947,1.632188616,0.638812669,-0.974941107,1.398942054,-1
309,MODEL1,PARMS,RB1,0.861628632,2.645527496,0.360250622,0.242425301,-0.762807146,-1
310,MODEL1,PARMS,RB1,0.874887963,2.792457653,0.317709061,0.289901181,-0.669342106,-1
311,MODEL1,PARMS,RB1,0.870391609,2.719817528,0.329599495,0.139366998,-0.391934145,-1
312,MODEL1,PARMS,RB1,0.897614466,3.000858804,0.204673161,1.52922239,-3.302815205,-1
313,MODEL1,PARMS,RB1,0.853931346,2.142473886,0.464527761,-0.271459457,0.244094483,-1
314,MODEL1,PARMS,RB1,0.900337908,2.802537263,0.296455711,0.413924678,-0.928789401,-1
315,MODEL1,PARMS,RB1,0.904602742,2.669528455,0.322516824,0.34683097,-0.975328373,-1
316,MODEL1,PARMS,RB1,0.90865957,2.767512504,0.330935516,0.100617396,-0.37742717,-1
317,MODEL1,PARMS,RB1,0.867356015,2.370581591,0.409115657,0.145608,-0.500961854,-1
318,MODEL1,PARMS,RB1,0.911083833,3.443359534,0.116814727,1.153437059,-2.087808092,-1
319,MODEL1,PARMS,RB1,0.905544491,2.079995383,0.497540257,-0.231964101,0.230431135,-1
320,MODEL1,PARMS,RB1,0.989602542,2.797414459,0.315545162,0.018086011,-0.059920346,-1
321,MODEL1,PARMS,RB1,0.900480497,2.994274023,0.280338571,0.189022414,-0.451628286,-1
322,MODEL1,PARMS,RB1,0.862054866,3.437250684,0.121285663,1.214655972,-2.350390031,-1
323,MODEL1,PARMS,RB1,1.032193914,3.499593595,0.073780332,1.818994517,-3.488616357,-1
324,MODEL1,PARMS,RB1,0.900153527,2.638222208,0.338923246,0.462488805,-1.029573572,-1
325,MODEL1,PARMS,RB1,0.833242365,2.32869845,0.395597765,0.63459266,-1.574293652,-1
326,MODEL1,PARMS,RB1,0.904236571,2.471292748,0.381338655,0.41379591,-1.179854176,-1
327,MODEL1,PARMS,RB1,0.942650374,2.498219644,0.372579445,0.502362791,-1.265352672,-1
328,MODEL1,PARMS,RB1,0.90026548,2.923294054,0.23958704,0.812737464,-1.656779532,-1
329,MODEL1,PARMS,RB1,0.945130037,2.310602175,0.455258142,-0.001643029,-0.412828807,-1
330,MODEL1,PARMS,RB1,0.871320997,2.357836243,0.442052234,-0.33011175,0.385332069,-1
331,MODEL1,PARMS,RB1,0.87901509,2.402868465,0.44477023,-0.674519291,1.047450126,-1
332,MODEL1,PARMS,RB1,0.888719434,3.338979,0.170421635,0.630666774,-1.164195823,-1
333,MODEL1,PARMS,RB1,1.207826382,4.379124318,-0.169185787,3.474667604,-6.66451854,-1
334,MODEL1,PARMS,RB1,0.877852084,2.938031903,0.243298808,1.105225285,-2.298603703,-1
335,MODEL1,PARMS,RB1,0.870466189,2.895308828,0.303246557,0.180145094,-0.497168465,-1
336,MODEL1,PARMS,RB1,0.98635125,3.210623081,0.193735247,1.096649946,-2.246243422,-1
337,MODEL1,PARMS,RB1,0.925966085,2.331833635,0.457651847,-0.215551153,0.110483026,-1
338,MODEL1,PARMS,RB1,1.03568613,3.564378119,0.064194619,1.450896797,-2.664502529,-1
339,MODEL1,PARMS,RB1,0.899221635,2.710730547,0.324436225,0.408120266,-0.803508192,-1
340,MODEL1,PARMS,RB1,0.959839384,2.731072949,0.301207425,0.471457439,-1.001113255,-1
341,MODEL1,PARMS,RB1,0.879359643,2.517275945,0.353180418,0.536740615,-1.229807135,-1
342,MODEL1,PARMS,RB1,0.892871196,3.088940903,0.219633112,0.760247792,-1.748754653,-1
343,MODEL1,PARMS,RB1,0.885869888,2.570376034,0.34477259,0.54274471,-1.287809362,-1
344,MODEL1,PARMS,RB1,1.089271605,2.905833729,0.268937585,0.953543268,-1.942546547,-1
345,MODEL1,PARMS,RB1,0.898362194,2.455146155,0.398334256,-0.16845517,0.124110236,-1
346,MODEL1,PARMS,RB1,0.93010262,3.137900987,0.190425442,1.569452929,-3.299177487,-1
347,MODEL1,PARMS,RB1,0.926456211,2.829581738,0.300604027,0.506795322,-1.060416689,-1
348,MODEL1,PARMS,RB1,0.939008271,3.532238284,0.058744247,1.749075544,-3.316823206,-1
349,MODEL1,PARMS,RB1,0.928987703,1.952203695,0.533990848,-0.613854472,0.917620718,-1
350,MODEL1,PARMS,RB1,0.843208055,2.548513226,0.369964465,0.186837673,-0.590144303,-1
351,MODEL1,PARMS,RB1,1.033860974,3.446254463,0.088748329,1.783347157,-3.499326495,-1
352,MODEL1,PARMS,RB1,0.996089034,3.056607814,0.225665914,0.796453084,-1.643829194,-1
353,MODEL1,PARMS,RB1,0.889340481,3.133314702,0.193785815,1.081526247,-2.12843731,-1
354,MODEL1,PARMS,RB1,0.849388258,2.725184992,0.325096904,0.242271443,-0.55958039,-1
355,MODEL1,PARMS,RB1,0.877334428,2.928338389,0.277337734,0.599620757,-1.350129971,-1
356,MODEL1,PARMS,RB1,0.887019982,3.654813012,0.049515333,1.364409116,-2.51706911,-1
357,MODEL1,PARMS,RB1,0.904521179,2.418769379,0.40988398,-0.488286719,0.815404948,-1
358,MODEL1,PARMS,RB1,0.866481358,1.577053473,0.640558168,-1.1387799,1.817889258,-1
359,MODEL1,PARMS,RB1,0.895750448,2.532269526,0.379924562,-0.03408076,-0.129892249,-1
360,MODEL1,PARMS,RB1,0.879052651,2.728675043,0.34280106,-0.203076936,0.201040066,-1
361,MODEL1,PARMS,RB1,0.864093089,3.464380923,0.117985265,1.336133488,-2.630771066,-1
362,MODEL1,PARMS,RB1,0.878006464,3.197832015,0.165689083,1.353412656,-2.707523011,-1
363,MODEL1,PARMS,RB1,0.911052242,3.273708361,0.166203488,0.850060636,-1.54985752,-1
364,MODEL1,PARMS,RB1,0.851640025,2.627970986,0.342399918,0.316121033,-0.83897037,-1
365,MODEL1,PARMS,RB1,0.856695088,3.169239463,0.185709489,0.718602325,-1.445816505,-1
366,MODEL1,PARMS,RB1,0.879426924,3.371565141,0.151393841,0.5341036,-1.026205651,-1
367,MODEL1,PARMS,RB1,0.834036087,2.479303955,0.364369383,0.234092112,-0.628148036,-1
368,MODEL1,PARMS,RB1,0.88825912,2.524175245,0.368051447,0.098228903,-0.384800502,-1
369,MODEL1,PARMS,RB1,0.960255992,2.455609284,0.422190728,-0.427397276,0.712028309,-1
370,MODEL1,PARMS,RB1,0.90855754,2.759739129,0.318418191,0.27222317,-0.66775446,-1
371,MODEL1,PARMS,RB1,0.985677756,2.444001966,0.373831372,0.389528435,-0.961362725,-1
372,MODEL1,PARMS,RB1,0.888079552,3.191092046,0.168300578,1.29462552,-2.610122528,-1
373,MODEL1,PARMS,RB1,0.946372726,2.479495024,0.427551115,-0.289787919,0.299530469,-1
374,MODEL1,PARMS,RB1,0.97420799,3.532530152,0.068846913,1.950343309,-3.817413786,-1
375,MODEL1,PARMS,RB1,0.92866268,2.313871962,0.472840248,-0.372420508,0.482111003,-1
376,MODEL1,PARMS,RB1,0.905730303,3.056613016,0.215580181,0.65825292,-1.311260272,-1
377,MODEL1,PARMS,RB1,0.895388858,2.357964366,0.447002531,-0.548287668,0.854805332,-1
378,MODEL1,PARMS,RB1,0.898476202,3.15061322,0.203089649,0.59874309,-1.139517033,-1
379,MODEL1,PARMS,RB1,0.876392612,2.631076061,0.310506298,0.637911575,-1.369098438,-1
380,MODEL1,PARMS,RB1,0.916832784,2.697786847,0.330265264,-0.065350214,0.016084462,-1
381,MODEL1,PARMS,RB1,0.905065261,2.068921852,0.49987178,-0.317544118,0.396638153,-1
382,MODEL1,PARMS,RB1,0.885262977,3.078642876,0.224056113,0.855865003,-1.837553467,-1
383,MODEL1,PARMS,RB1,0.923352693,2.771526877,0.278784395,1.023414984,-2.299943214,-1
384,MODEL1,PARMS,RB1,0.896444568,3.82955851,-0.003238282,1.808160041,-3.320324249,-1
385,MODEL1,PARMS,RB1,0.883196131,3.351863954,0.134348975,1.260636936,-2.341374626,-1
386,MODEL1,PARMS,RB1,0.946771617,3.117487241,0.218746421,0.88529239,-1.73673932,-1
387,MODEL1,PARMS,RB1,0.85265081,2.56076387,0.37819247,-0.011024884,-0.247815508,-1
388,MODEL1,PARMS,RB1,0.905512203,2.201325112,0.46806913,-0.270343509,0.139905134,-1
389,MODEL1,PARMS,RB1,0.892398149,3.511864992,0.134903462,0.830597391,-1.574512421,-1
390,MODEL1,PARMS,RB1,0.854320579,2.937630704,0.26054889,0.491835976,-0.988520524,-1
391,MODEL1,PARMS,RB1,0.910194821,2.488760786,0.380049972,-0.334747522,0.639491879,-1
392,MODEL1,PARMS,RB1,0.961425278,2.446901107,0.378213287,0.816935036,-2.109642311,-1
393,MODEL1,PARMS,RB1,0.895760691,3.25675958,0.151093154,1.270955673,-2.475916487,-1
394,MODEL1,PARMS,RB1,0.894106902,2.486789088,0.373432752,0.298645278,-0.802593314,-1
395,MODEL1,PARMS,RB1,0.941513093,2.248412479,0.468739636,-0.265907633,0.143762759,-1
396,MODEL1,PARMS,RB1,0.91733669,2.736264167,0.293258276,0.655911273,-1.358810485,-1
397,MODEL1,PARMS,RB1,0.878058175,3.41636023,0.125827225,1.091547098,-2.047223596,-1
398,MODEL1,PARMS,RB1,0.955477425,2.53171594,0.355643886,0.407886235,-0.907563427,-1
399,MODEL1,PARMS,RB1,0.895210566,2.713879139,0.340592319,0.126231895,-0.496032467,-1
400,MODEL1,PARMS,RB1,0.90070336,3.396879624,0.119477907,1.092291023,-2.030477766,-1
401,MODEL1,PARMS,RB1,0.860426486,2.70691485,0.328151066,0.412717522,-1.104464312,-1
402,MODEL1,PARMS,RB1,0.906714382,2.625853098,0.369926715,0.304702736,-0.947422776,-1
403,MODEL1,PARMS,RB1,0.904594443,3.047583201,0.248606346,0.359784963,-0.620230403,-1
404,MODEL1,PARMS,RB1,0.973669231,3.072932275,0.248039201,0.016116096,0.124753259,-1
405,MODEL1,PARMS,RB1,0.909426659,2.461747159,0.379983541,0.226335811,-0.737891034,-1
406,MODEL1,PARMS,RB1,0.903629196,2.339186694,0.450719007,-0.497505539,0.896200159,-1
407,MODEL1,PARMS,RB1,0.933004436,2.579358264,0.351129886,0.741863268,-1.694781845,-1
408,MODEL1,PARMS,RB1,0.917873945,2.015836943,0.546025456,-0.825023028,1.347294996,-1
409,MODEL1,PARMS,RB1,1.17646024,2.978708985,0.280624272,0.550848013,-1.186508967,-1
410,MODEL1,PARMS,RB1,0.930460516,2.218555579,0.424319898,0.246966305,-0.834735984,-1
411,MODEL1,PARMS,RB1,0.886202608,3.313610951,0.152176379,0.890250371,-1.555943793,-1
412,MODEL1,PARMS,RB1,0.919024807,2.938117034,0.252174075,0.705122571,-1.585240506,-1
413,MODEL1,PARMS,RB1,0.967680843,3.625265576,0.072047501,1.279278823,-2.390857856,-1
414,MODEL1,PARMS,RB1,0.907582046,2.046675352,0.49009885,0.08111243,-0.527673481,-1
415,MODEL1,PARMS,RB1,0.879761099,2.947545165,0.231729617,0.875158744,-1.75982361,-1
416,MODEL1,PARMS,RB1,0.885444318,3.168376041,0.206618491,0.680843723,-1.417888565,-1
417,MODEL1,PARMS,RB1,0.89145077,3.175481728,0.173057157,1.805810256,-3.767681934,-1
418,MODEL1,PARMS,RB1,0.927820557,2.530429027,0.403608199,-0.672558065,1.189163044,-1
419,MODEL1,PARMS,RB1,0.921836607,2.3543101,0.427385019,0.159635034,-0.659596683,-1
420,MODEL1,PARMS,RB1,0.907063936,3.024035367,0.234569941,0.685509786,-1.222448712,-1
421,MODEL1,PARMS,RB1,0.853353785,2.216802351,0.483612548,-0.395884141,0.378467143,-1
422,MODEL1,PARMS,RB1,0.949318251,2.861470765,0.287802754,0.391123605,-0.81462649,-1
423,MODEL1,PARMS,RB1,0.90407751,2.598004578,0.388789199,-0.244017818,0.35285984,-1
424,MODEL1,PARMS,RB1,0.960038752,2.321080792,0.458235465,-0.358680647,0.336006734,-1
425,MODEL1,PARMS,RB1,0.929641287,2.631488086,0.324700279,0.655209064,-1.448782302,-1
426,MODEL1,PARMS,RB1,0.885403411,2.22794324,0.463231715,-0.254745036,0.239850592,-1
427,MODEL1,PARMS,RB1,0.937061905,2.826675234,0.329520607,-0.119101757,0.072135677,-1
428,MODEL1,PARMS,RB1,0.894041313,1.818924696,0.574315162,-0.480133306,0.393073243,-1
429,MODEL1,PARMS,RB1,0.883352897,2.537125315,0.365419583,-0.149455196,0.166217135,-1
430,MODEL1,PARMS,RB1,0.991376388,2.48540786,0.380556533,0.650230739,-1.573584624,-1
431,MODEL1,PARMS,RB1,0.886275505,2.540128382,0.358558818,0.385415471,-1.044903569,-1
432,MODEL1,PARMS,RB1,0.878394784,2.705595629,0.318555458,0.768829763,-1.624077783,-1
433,MODEL1,PARMS,RB1,0.908336406,2.192801293,0.425810166,0.269523874,-0.738005353,-1
434,MODEL1,PARMS,RB1,0.924755123,2.679329687,0.314226863,0.517524453,-1.086300656,-1
435,MODEL1,PARMS,RB1,0.966471548,3.05833715,0.235533206,0.704730537,-1.474095232,-1
436,MODEL1,PARMS,RB1,0.921532238,3.131452861,0.183971062,1.258564666,-2.473869212,-1
437,MODEL1,PARMS,RB1,0.846284397,2.234666215,0.457909727,-0.162752502,-0.043896462,-1
438,MODEL1,PARMS,RB1,0.875378635,2.360008757,0.419211872,0.083912595,-0.408736456,-1
439,MODEL1,PARMS,RB1,0.837780609,2.776551722,0.301048383,0.521598118,-1.029020715,-1
440,MODEL1,PARMS,RB1,0.881967579,2.0101535,0.500487343,-0.240684424,0.120533986,-1
441,MODEL1,PARMS,RB1,0.971594211,3.116561087,0.213800868,0.773851797,-1.586145723,-1
442,MODEL1,PARMS,RB1,0.912946595,3.065533917,0.206055589,0.869782305,-1.702577409,-1
443,MODEL1,PARMS,RB1,0.928851981,2.585145549,0.380224554,-0.071544076,-0.131998137,-1
444,MODEL1,PARMS,RB1,0.855391198,2.217825936,0.471848675,-0.15704613,-0.193688323,-1
445,MODEL1,PARMS,RB1,0.885904125,2.43679982,0.406137496,0.113874752,-0.548176886,-1
446,MODEL1,PARMS,RB1,0.95909814,3.144489807,0.191481001,1.207322755,-2.407844866,-1
447,MODEL1,PARMS,RB1,0.944078821,3.116702174,0.20614337,0.960931163,-1.982885644,-1
448,MODEL1,PARMS,RB1,0.908970945,3.552216085,0.055397538,1.757004424,-3.299698715,-1
449,MODEL1,PARMS,RB1,0.912184114,2.606483087,0.33890036,0.163156351,-0.466706571,-1
450,MODEL1,PARMS,RB1,0.925756587,3.143751225,0.217050817,0.717439452,-1.574786002,-1
451,MODEL1,PARMS,RB1,0.836973008,2.728601679,0.331034525,0.415126645,-1.147846905,-1
452,MODEL1,PARMS,RB1,0.915394871,3.105316151,0.203481124,1.154205964,-2.363348352,-1
453,MODEL1,PARMS,RB1,0.986743143,2.743010089,0.309185943,0.743233826,-1.786277442,-1
454,MODEL1,PARMS,RB1,0.896920341,3.083400991,0.232008086,0.690851643,-1.536374421,-1
455,MODEL1,PARMS,RB1,0.894312788,2.913750667,0.283596975,-0.085612863,0.200838037,-1
456,MODEL1,PARMS,RB1,0.891628365,2.134729004,0.487476604,-0.401308403,0.488970986,-1
457,MODEL1,PARMS,RB1,0.914866858,2.026327241,0.519256417,-0.277529173,0.023232524,-1
458,MODEL1,PARMS,RB1,0.96113997,2.686256334,0.353262086,0.109147634,-0.46739252,-1
459,MODEL1,PARMS,RB1,0.795325661,2.960405597,0.227235514,1.063465212,-2.168109619,-1
460,MODEL1,PARMS,RB1,0.92526745,2.949210907,0.285369029,0.389750572,-0.932828253,-1
461,MODEL1,PARMS,RB1,0.881544013,2.528187942,0.367299943,0.268629861,-0.805120475,-1
462,MODEL1,PARMS,RB1,0.951692614,4.009860962,-0.036645662,2.203392674,-4.310525847,-1
463,MODEL1,PARMS,RB1,0.844307169,2.532074212,0.31685461,1.070498385,-2.332085629,-1
464,MODEL1,PARMS,RB1,0.922105119,1.829495639,0.560613148,-0.122115159,-0.400709179,-1
465,MODEL1,PARMS,RB1,0.961988864,2.336651706,0.459120977,-0.375709772,0.471817404,-1
466,MODEL1,PARMS,RB1,0.908626612,2.660797195,0.355347833,-0.200531934,0.185199176,-1
467,MODEL1,PARMS,RB1,0.922429535,2.276338337,0.391369289,0.527352035,-1.282307075,-1
468,MODEL1,PARMS,RB1,0.883423946,2.980908472,0.252979458,0.873030317,-1.823213522,-1
469,MODEL1,PARMS,RB1,0.926510109,3.90298473,-0.021927586,2.183144668,-4.158905133,-1
470,MODEL1,PARMS,RB1,0.905973068,2.821119406,0.290446368,0.520110401,-1.179862507,-1
471,MODEL1,PARMS,RB1,0.970025469,2.709986578,0.34467552,-0.153195078,0.255867588,-1
472,MODEL1,PARMS,RB1,0.95915919,3.599617811,0.061131559,1.703748237,-3.260185461,-1
473,MODEL1,PARMS,RB1,0.986700203,3.29259052,0.120363105,1.746505238,-3.454568857,-1
474,MODEL1,PARMS,RB1,0.996895975,2.92074151,0.263082368,0.940659426,-1.982872575,-1
475,MODEL1,PARMS,RB1,0.903754349,2.346180411,0.470820398,-0.452020854,0.452690648,-1
476,MODEL1,PARMS,RB1,0.882606461,2.417139252,0.388393178,0.137236507,-0.444027321,-1
477,MODEL1,PARMS,RB1,0.89645097,2.065090419,0.492573216,-0.21519415,0.003859457,-1
478,MODEL1,PARMS,RB1,0.884943278,3.592773863,0.045323935,1.53764586,-2.895262142,-1
479,MODEL1,PARMS,RB1,0.844883656,2.83845257,0.312599946,-0.009379683,-0.025607857,-1
480,MODEL1,PARMS,RB1,0.900947665,2.291947941,0.433877553,-0.083106011,-0.214132006,-1
481,MODEL1,PARMS,RB1,1.117244823,3.307949492,0.159746849,1.1610593,-2.332158217,-1
482,MODEL1,PARMS,RB1,0.939993862,3.276938136,0.180951654,1.050965397,-2.151866695,-1
483,MODEL1,PARMS,RB1,0.914503251,3.292367557,0.152121137,1.045966288,-1.991679822,-1
484,MODEL1,PARMS,RB1,0.879071192,2.525451979,0.329784374,0.899413133,-2.045206673,-1
485,MODEL1,PARMS,RB1,0.891311803,2.930392795,0.291051425,0.101435665,-0.461848784,-1
486,MODEL1,PARMS,RB1,0.946056291,2.493490831,0.390240408,0.118439004,-0.374628415,-1
487,MODEL1,PARMS,RB1,0.895666198,3.017498743,0.239663554,0.617728433,-1.235871417,-1
488,MODEL1,PARMS,RB1,0.959579161,2.367008141,0.439649275,-0.050593791,-0.21306849,-1
489,MODEL1,PARMS,RB1,0.994468259,2.491676615,0.412734206,-0.146195427,0.033117486,-1
490,MODEL1,PARMS,RB1,0.932005964,2.525682941,0.40570983,-0.408645107,0.589997466,-1
491,MODEL1,PARMS,RB1,0.940700304,3.761610851,-0.009615192,2.51430478,-4.861429826,-1
492,MODEL1,PARMS,RB1,1.057693676,2.630190998,0.30903902,1.245050305,-2.788105345,-1
493,MODEL1,PARMS,RB1,0.970175801,3.027184717,0.254326359,0.631012934,-1.380884525,-1
494,MODEL1,PARMS,RB1,0.921337724,2.879297391,0.308337372,0.082818888,-0.220317126,-1
495,MODEL1,PARMS,RB1,0.929026303,2.262068683,0.433093589,0.103456697,-0.549602654,-1
496,MODEL1,PARMS,RB1,0.878684301,3.557747151,0.09366732,0.954586946,-1.628033021,-1
497,MODEL1,PARMS,RB1,0.894620114,2.96642307,0.249486687,0.517972781,-1.081505889,-1
498,MODEL1,PARMS,RB1,0.888639578,3.583745679,0.068122532,1.12656909,-2.003109638,-1
499,MODEL1,PARMS,RB1,1.006907061,2.497026733,0.398931428,0.247733447,-0.695041335,-1
500,MODEL1,PARMS,RB1,0.927139649,2.723036347,0.329364605,0.150934221,-0.527562285,-1
501,MODEL1,PARMS,RB1,0.956472245,2.593270059,0.380893158,0.349080368,-0.886634011,-1
502,MODEL1,PARMS,RB1,0.895227684,2.342885521,0.383140392,0.54457386,-1.352772805,-1
503,MODEL1,PARMS,RB1,0.85524955,2.387826511,0.415095725,-0.055705824,-0.176164446,-1
504,MODEL1,PARMS,RB1,0.966300878,2.71257209,0.323342902,0.536154245,-1.270579606,-1
505,MODEL1,PARMS,RB1,0.923629231,3.2733636,0.139925101,1.327020957,-2.633877076,-1
506,MODEL1,PARMS,RB1,1.133356155,2.748618208,0.294757507,1.047789594,-2.346984304,-1
507,MODEL1,PARMS,RB1,1.071880703,3.061608502,0.210416234,1.314942334,-2.69370909,-1
508,MODEL1,PARMS,RB1,0.845979185,3.152910868,0.199882956,0.579219219,-1.140962478,-1
509,MODEL1,PARMS,RB1,0.847471233,2.884708153,0.297617423,0.248632529,-0.670323639,-1
510,MODEL1,PARMS,RB1,0.944050028,3.283810572,0.131294541,1.70809927,-3.241955363,-1
511,MODEL1,PARMS,RB1,0.888477291,2.588341029,0.356242095,0.376730536,-0.909879713,-1
512,MODEL1,PARMS,RB1,1.048086478,3.498429621,0.094825974,1.801408791,-3.500127619,-1
513,MODEL1,PARMS,RB1,0.874085764,2.396386559,0.450707365,-0.441639902,0.519151405,-1
514,MODEL1,PARMS,RB1,0.888039767,2.298385933,0.457622234,-0.364224106,0.401018515,-1
515,MODEL1,PARMS,RB1,1.059112543,2.470733524,0.345081982,0.924521861,-2.167411234,-1
516,MODEL1,PARMS,RB1,1.012430689,3.699784257,0.045921034,2.11445232,-4.124936915,-1
517,MODEL1,PARMS,RB1,0.908830059,3.611757751,0.065134228,1.368196623,-2.438148362,-1
518,MODEL1,PARMS,RB1,0.9035203,2.429731465,0.388855436,-0.007643754,-0.163095757,-1
519,MODEL1,PARMS,RB1,0.884049208,2.758024005,0.309262389,0.529115877,-1.124073272,-1
520,MODEL1,PARMS,RB1,0.879694642,2.684530157,0.301603306,0.633621971,-1.294839427,-1
521,MODEL1,PARMS,RB1,0.897684098,2.946368524,0.296938913,0.137271398,-0.3744507,-1
522,MODEL1,PARMS,RB1,1.050502493,3.026738563,0.280331134,0.185323599,-0.381814155,-1
523,MODEL1,PARMS,RB1,0.881342354,2.38724216,0.426627956,-0.456908994,0.721249127,-1
524,MODEL1,PARMS,RB1,0.924932342,3.660223447,0.047964249,1.82276774,-3.508558628,-1
525,MODEL1,PARMS,RB1,1.075373187,3.163248954,0.150337457,2.268917871,-4.658566063,-1
526,MODEL1,PARMS,RB1,0.891176755,3.260228637,0.173750332,0.590218763,-0.978268708,-1
527,MODEL1,PARMS,RB1,1.228430215,3.005502968,0.222298236,1.800841943,-3.799464885,-1
528,MODEL1,PARMS,RB1,0.931844658,2.332923371,0.427916513,0.181822919,-0.602100379,-1
529,MODEL1,PARMS,RB1,0.901361185,2.930910912,0.228024527,1.008454543,-2.047065616,-1
530,MODEL1,PARMS,RB1,0.878018649,3.506596387,0.110230512,1.141734784,-2.136522492,-1
531,MODEL1,PARMS,RB1,0.882242182,2.458870402,0.379892186,-0.025420573,-0.148800741,-1
532,MODEL1,PARMS,RB1,0.96490204,2.65946104,0.315858531,1.03308687,-2.257229848,-1
533,MODEL1,PARMS,RB1,0.870402261,2.59161447,0.346129706,0.064021752,-0.163459469,-1
534,MODEL1,PARMS,RB1,0.989975609,3.63509752,0.073031233,1.552935703,-2.918271087,-1
535,MODEL1,PARMS,RB1,1.066059269,2.460901406,0.386225383,0.324500969,-0.856819758,-1
536,MODEL1,PARMS,RB1,0.926773828,2.206220248,0.485685478,-0.366148236,0.280401802,-1
537,MODEL1,PARMS,RB1,0.876140365,2.981420459,0.238020899,0.819529148,-1.69639797,-1
538,MODEL1,PARMS,RB1,0.835070689,2.664065362,0.318488341,0.724427222,-1.513735526,-1
539,MODEL1,PARMS,RB1,0.881977077,3.131096372,0.162661538,1.456508028,-2.835210291,-1
540,MODEL1,PARMS,RB1,1.08753711,2.535877525,0.370436504,-0.033634503,-0.134214575,-1
541,MODEL1,PARMS,RB1,0.937009279,3.034401242,0.274957653,0.113765932,-0.322928892,-1
542,MODEL1,PARMS,RB1,1.219062703,2.975022223,0.222273947,1.649510113,-3.468467227,-1
543,MODEL1,PARMS,RB1,0.975726534,3.426198901,0.110093001,1.473460484,-2.889976168,-1
544,MODEL1,PARMS,RB1,0.884639798,2.991872678,0.264035065,0.358140227,-0.731514169,-1
545,MODEL1,PARMS,RB1,1.139084321,2.212151496,0.473126816,-0.209162129,0.057707257,-1
546,MODEL1,PARMS,RB1,0.905787211,3.18480672,0.177179283,0.973577599,-1.893076431,-1
547,MODEL1,PARMS,RB1,0.884656678,3.214294437,0.168375549,1.290962567,-2.584433086,-1
548,MODEL1,PARMS,RB1,0.897134162,3.337811903,0.161312033,0.665583012,-1.227668417,-1
549,MODEL1,PARMS,RB1,1.064897859,2.954343032,0.237311225,1.10211566,-2.247585205,-1
550,MODEL1,PARMS,RB1,0.97977298,2.591249513,0.378564339,-0.240574168,0.388803612,-1
551,MODEL1,PARMS,RB1,1.000118351,3.64117227,0.084068641,1.093895534,-1.97323157,-1
552,MODEL1,PARMS,RB1,0.964288104,2.614811498,0.345424187,-0.046351226,-0.049335577,-1
553,MODEL1,PARMS,RB1,0.901770631,2.579864704,0.398404236,-0.487580024,0.766836256,-1
554,MODEL1,PARMS,RB1,0.972761197,3.017864981,0.232878589,1.066675535,-2.225975184,-1
555,MODEL1,PARMS,RB1,0.931327137,2.224937391,0.480662463,-0.618838426,0.976886551,-1
556,MODEL1,PARMS,RB1,1.061085531,2.964253368,0.220595298,1.520840594,-3.281975972,-1
557,MODEL1,PARMS,RB1,0.901351807,3.398541972,0.121106453,1.381043369,-2.739482951,-1
558,MODEL1,PARMS,RB1,1.028360976,4.03777328,-0.03007543,1.977189635,-3.709227771,-1
559,MODEL1,PARMS,RB1,0.912633807,2.37336706,0.443448635,-0.238115735,0.102571134,-1
560,MODEL1,PARMS,RB1,0.95113424,2.850249658,0.284195599,0.650734439,-1.35028501,-1
561,MODEL1,PARMS,RB1,0.874733836,3.117940415,0.242823165,0.465552298,-1.039742664,-1
562,MODEL1,PARMS,RB1,0.859953805,2.585724117,0.332877356,0.635652218,-1.432626236,-1
563,MODEL1,PARMS,RB1,0.85589777,3.374110537,0.145159891,1.298185282,-2.698078729,-1
564,MODEL1,PARMS,RB1,0.877720205,3.328943064,0.128171765,1.213562918,-2.218417127,-1
565,MODEL1,PARMS,RB1,0.900627833,3.082145193,0.267683788,0.357641567,-0.803257132,-1
566,MODEL1,PARMS,RB1,0.89421903,2.557115258,0.368073182,0.215004758,-0.53693085,-1
567,MODEL1,PARMS,RB1,0.87221778,3.196983729,0.201489212,0.314816617,-0.52389043,-1
568,MODEL1,PARMS,RB1,1.004090712,2.597802097,0.374977157,0.160009813,-0.583611955,-1
569,MODEL1,PARMS,RB1,0.805693282,3.026471992,0.279642069,-0.262101021,0.575190383,-1
570,MODEL1,PARMS,RB1,0.891210589,3.350776822,0.149486228,1.144934325,-2.311442052,-1
571,MODEL1,PARMS,RB1,0.985173434,2.530689905,0.39084978,-0.145649723,0.096722606,-1
572,MODEL1,PARMS,RB1,0.928972799,3.495031447,0.094069971,1.242265241,-2.281564039,-1
573,MODEL1,PARMS,RB1,0.928863011,3.871056589,0.019752407,1.098385976,-1.84429325,-1
574,MODEL1,PARMS,RB1,0.960398862,4.080099917,-0.050136636,1.809461289,-3.179101865,-1
575,MODEL1,PARMS,RB1,0.917159416,2.972805799,0.238647505,0.990520689,-2.135008123,-1
576,MODEL1,PARMS,RB1,0.89649699,2.574798182,0.396872832,-0.559130508,0.91935632,-1
577,MODEL1,PARMS,RB1,0.985584733,2.916875131,0.286458244,0.144243902,-0.321160009,-1
578,MODEL1,PARMS,RB1,0.932895265,3.103309303,0.164947424,1.646980521,-3.339071769,-1
579,MODEL1,PARMS,RB1,0.928909113,3.498976106,0.108336749,1.389200199,-2.762983652,-1
580,MODEL1,PARMS,RB1,0.887636439,2.746381329,0.348274157,-0.186428445,0.109842255,-1
581,MODEL1,PARMS,RB1,0.961307012,3.254950032,0.155093221,1.268251887,-2.479770765,-1
582,MODEL1,PARMS,RB1,0.94027664,3.748154526,0.015507243,1.991295038,-3.756582146,-1
583,MODEL1,PARMS,RB1,0.939705963,2.547260016,0.388488542,0.155676615,-0.698854592,-1
584,MODEL1,PARMS,RB1,0.999347121,3.187795806,0.21163502,0.78226173,-1.537965791,-1
585,MODEL1,PARMS,RB1,0.860495616,3.255000598,0.156416333,1.17450275,-2.296417738,-1
586,MODEL1,PARMS,RB1,0.950646611,2.423791626,0.432901977,-0.432899367,0.508327415,-1
587,MODEL1,PARMS,RB1,0.962154195,2.004708276,0.527067918,-0.28237114,0.194823852,-1
588,MODEL1,PARMS,RB1,0.987067167,2.819671053,0.31427079,0.289602914,-0.61549782,-1
589,MODEL1,PARMS,RB1,0.896423374,3.230439558,0.194092847,0.696760995,-1.292563712,-1
590,MODEL1,PARMS,RB1,0.877126497,2.661829492,0.315493011,0.728768781,-1.675635938,-1
591,MODEL1,PARMS,RB1,1.052152649,3.026530385,0.215896996,1.14719622,-2.374983768,-1
592,MODEL1,PARMS,RB1,0.873925785,3.321977296,0.175137109,0.828247202,-1.677447037,-1
593,MODEL1,PARMS,RB1,0.892331396,2.327769973,0.37515472,0.56227334,-1.284139265,-1
594,MODEL1,PARMS,RB1,0.896347656,3.350803587,0.150311566,1.283231673,-2.560923647,-1
595,MODEL1,PARMS,RB1,1.04090413,2.665052697,0.308092048,0.938987447,-2.077616072,-1
596,MODEL1,PARMS,RB1,0.97419228,3.530802754,0.068194619,2.320258886,-4.585503677,-1
597,MODEL1,PARMS,RB1,0.898222509,4.042392212,-0.078446123,2.538969823,-4.854436988,-1
598,MODEL1,PARMS,RB1,0.997220029,2.515370209,0.370131506,0.538224313,-1.427130207,-1
599,MODEL1,PARMS,RB1,0.840948417,2.767031306,0.295566482,0.487737532,-1.009131601,-1
600,MODEL1,PARMS,RB1,0.92510382,3.921253686,-0.018369773,1.89479863,-3.50785715,-1
601,MODEL1,PARMS,RB1,1.032684258,3.307190527,0.219323975,0.41607837,-0.932904313,-1
602,MODEL1,PARMS,RB1,0.944369635,2.680520634,0.310626374,1.005423793,-2.283448949,-1
603,MODEL1,PARMS,RB1,0.944243509,2.455033489,0.3716963,0.309198195,-0.694434056,-1
604,MODEL1,PARMS,RB1,0.83888612,2.993277701,0.234726031,0.378177743,-0.745578437,-1
605,MODEL1,PARMS,RB1,0.89537487,2.355680493,0.419501371,0.341290647,-1.108550935,-1
606,MODEL1,PARMS,RB1,0.841812624,2.130327443,0.480049607,-0.05718634,-0.244377479,-1
607,MODEL1,PARMS,RB1,0.895413464,2.304137019,0.450962882,-0.339577553,0.452508896,-1
608,MODEL1,PARMS,RB1,1.073941448,4.362442291,-0.129696802,2.213712157,-3.949081826,-1
609,MODEL1,PARMS,RB1,0.979786754,2.641721918,0.342026505,0.130618801,-0.309830655,-1
610,MODEL1,PARMS,RB1,0.90043756,3.131767069,0.185426912,0.99980438,-1.90617139,-1
611,MODEL1,PARMS,RB1,0.920258499,3.747608515,0.011416417,1.709340073,-3.140801076,-1
612,MODEL1,PARMS,RB1,0.982065197,3.513055147,0.100198842,1.427194685,-2.755716454,-1
613,MODEL1,PARMS,RB1,0.897348628,3.010433218,0.24834303,0.521695543,-1.086995908,-1
614,MODEL1,PARMS,RB1,0.970148142,2.557975229,0.375637769,-0.010967128,-0.126180946,-1
615,MODEL1,PARMS,RB1,0.875584223,2.461418083,0.37556682,0.596123461,-1.396786944,-1
616,MODEL1,PARMS,RB1,0.903095703,3.020719904,0.243855353,0.506338631,-1.034531895,-1
617,MODEL1,PARMS,RB1,0.8918762,2.804894126,0.272089951,1.100366897,-2.295629379,-1
618,MODEL1,PARMS,RB1,0.923829911,1.760042014,0.575934359,-0.620855654,0.793341431,-1
619,MODEL1,PARMS,RB1,0.951515229,3.035651032,0.255475889,0.361295357,-0.830548789,-1
620,MODEL1,PARMS,RB1,0.854518478,2.431185823,0.402366331,0.000158813,-0.176439107,-1
621,MODEL1,PARMS,RB1,0.993616282,2.490688552,0.373021145,0.393695902,-1.039181638,-1
622,MODEL1,PARMS,RB1,0.972423473,3.089898363,0.249970003,0.694363825,-1.555419546,-1
623,MODEL1,PARMS,RB1,0.915272444,2.926183174,0.284893641,0.512990501,-1.174636198,-1
624,MODEL1,PARMS,RB1,0.874261983,3.168913898,0.186273954,1.062723725,-1.991666637,-1
625,MODEL1,PARMS,RB1,0.853738951,3.050719391,0.225212877,0.528598643,-1.045730125,-1
626,MODEL1,PARMS,RB1,0.910827414,3.22101853,0.190002486,0.751904474,-1.467327466,-1
627,MODEL1,PARMS,RB1,0.944903438,2.22803823,0.47966283,-0.4334525,0.463633861,-1
628,MODEL1,PARMS,RB1,0.960818377,3.631120094,0.053195077,1.558337928,-2.854852744,-1
629,MODEL1,PARMS,RB1,0.978573186,1.421013849,0.690877371,-0.974987309,1.202732276,-1
630,MODEL1,PARMS,RB1,0.918996216,2.102563623,0.479997138,0.098006186,-0.704895742,-1
631,MODEL1,PARMS,RB1,1.100956887,2.249776296,0.448308298,0.259755204,-0.713891975,-1
632,MODEL1,PARMS,RB1,1.075541861,3.796384885,0.02108059,1.666625886,-3.169488826,-1
633,MODEL1,PARMS,RB1,1.015238152,3.393345263,0.106947152,1.43279401,-2.679308178,-1
634,MODEL1,PARMS,RB1,0.943228674,3.717513264,0.080024798,0.972769274,-1.836015414,-1
635,MODEL1,PARMS,RB1,1.037796996,2.570406969,0.394372891,0.364017535,-1.102572334,-1
636,MODEL1,PARMS,RB1,0.898249572,2.839837334,0.292230353,0.64326719,-1.395192304,-1
637,MODEL1,PARMS,RB1,0.951601601,3.083814009,0.228070462,0.584311578,-1.273756551,-1
638,MODEL1,PARMS,RB1,0.96335657,3.041434841,0.229861402,0.939995065,-2.044581593,-1
639,MODEL1,PARMS,RB1,0.877845119,3.170933906,0.19472072,1.14763535,-2.263542623,-1
640,MODEL1,PARMS,RB1,0.99138466,3.394149746,0.139868845,1.503195211,-3.060368854,-1
641,MODEL1,PARMS,RB1,0.929059361,2.181519802,0.45093881,0.187516881,-0.655491148,-1
642,MODEL1,PARMS,RB1,0.906169637,2.420698451,0.442500573,-0.850856027,1.592679192,-1
643,MODEL1,PARMS,RB1,0.862825371,2.41187458,0.414185331,-0.127984898,0.045731895,-1
644,MODEL1,PARMS,RB1,1.059184739,2.708282948,0.303369995,1.114924361,-2.442962422,-1
645,MODEL1,PARMS,RB1,0.889837909,3.268884381,0.180329303,0.920421763,-1.606110923,-1
646,MODEL1,PARMS,RB1,0.864147107,2.393476041,0.441252461,-0.186666352,-0.001374753,-1
647,MODEL1,PARMS,RB1,0.903411066,2.588980894,0.341900707,0.133705875,-0.287325425,-1
648,MODEL1,PARMS,RB1,0.930932528,2.988802513,0.213133171,1.699360211,-3.563090697,-1
649,MODEL1,PARMS,RB1,1.064616723,3.193665901,0.156279857,1.861881546,-3.724971325,-1
650,MODEL1,PARMS,RB1,0.905931196,2.429796272,0.422268864,-0.351143401,0.504641222,-1
651,MODEL1,PARMS,RB1,0.986911717,2.646689119,0.382600569,-0.321566815,0.477363307,-1
652,MODEL1,PARMS,RB1,1.076577261,3.430134373,0.092669468,1.844725001,-3.521428654,-1
653,MODEL1,PARMS,RB1,0.872656661,2.814506913,0.273510631,0.415616792,-0.762163005,-1
654,MODEL1,PARMS,RB1,0.930294871,4.25049667,-0.09750347,1.970947084,-3.728465332,-1
655,MODEL1,PARMS,RB1,0.91205086,2.975682971,0.242385068,0.594566152,-1.157188347,-1
656,MODEL1,PARMS,RB1,0.857990699,3.307641868,0.194482602,0.458772758,-0.912762285,-1
657,MODEL1,PARMS,RB1,1.074470962,3.088882866,0.193811784,1.622375082,-3.337403607,-1
658,MODEL1,PARMS,RB1,1.03144427,3.492128275,0.07716233,1.773064533,-3.443801287,-1
659,MODEL1,PARMS,RB1,0.913054616,1.750406519,0.599633829,-1.019766868,1.656980131,-1
660,MODEL1,PARMS,RB1,0.979112724,3.216544062,0.211785589,0.692750217,-1.4422116,-1
661,MODEL1,PARMS,RB1,0.924056639,2.503307155,0.386571793,0.45572826,-1.16295351,-1
662,MODEL1,PARMS,RB1,0.900126403,3.000490102,0.224373708,0.88553713,-1.700813676,-1
663,MODEL1,PARMS,RB1,0.885125051,2.910512017,0.269486421,0.611631631,-1.247158191,-1
664,MODEL1,PARMS,RB1,0.923604832,2.551205987,0.382075384,0.128117715,-0.472971217,-1
665,MODEL1,PARMS,RB1,0.98098954,3.889862577,-0.002808304,1.870033369,-3.435823711,-1
666,MODEL1,PARMS,RB1,0.870514022,2.551961682,0.353586032,0.372288816,-0.882016793,-1
667,MODEL1,PARMS,RB1,0.860853301,2.38508853,0.422521903,-0.142353534,-0.049918372,-1
668,MODEL1,PARMS,RB1,0.934488131,3.637736363,0.071709223,1.409759404,-2.712685677,-1
669,MODEL1,PARMS,RB1,0.945640053,3.3851305,0.129761992,1.626973411,-3.158963199,-1
670,MODEL1,PARMS,RB1,0.922413355,2.703247147,0.33097294,0.387943266,-1.020616443,-1
671,MODEL1,PARMS,RB1,1.031137372,2.55871498,0.385628318,0.051958154,-0.223981,-1
672,MODEL1,PARMS,RB1,0.888057318,3.393259797,0.151123855,0.601733425,-1.110237807,-1
673,MODEL1,PARMS,RB1,0.857372138,2.49389885,0.393870374,-0.095763157,-0.112498394,-1
674,MODEL1,PARMS,RB1,0.857473294,2.405099824,0.408887171,-0.111677204,0.117529995,-1
675,MODEL1,PARMS,RB1,0.949207373,3.122514796,0.248655047,0.038207316,-0.060449626,-1
676,MODEL1,PARMS,RB1,0.995500651,2.20568071,0.449812241,-0.098923931,0.045200306,-1
677,MODEL1,PARMS,RB1,0.862671579,2.911287662,0.277117106,0.674548636,-1.565729436,-1
678,MODEL1,PARMS,RB1,0.790020426,2.421241689,0.380827723,0.354532303,-0.9959882,-1
679,MODEL1,PARMS,RB1,0.881663893,2.683406394,0.329797846,0.527752636,-1.17412009,-1
680,MODEL1,PARMS,RB1,0.940385825,3.063359642,0.244616542,0.756665479,-1.666644863,-1
681,MODEL1,PARMS,RB1,0.910909697,3.309225318,0.197639471,0.386665757,-0.64866335,-1
682,MODEL1,PARMS,RB1,0.898979135,2.947003801,0.250970242,0.491484231,-0.951099669,-1
683,MODEL1,PARMS,RB1,0.920527301,2.932983043,0.255400037,1.094143983,-2.312494504,-1
684,MODEL1,PARMS,RB1,0.866934653,3.178458888,0.184507331,0.947746563,-1.80671011,-1
685,MODEL1,PARMS,RB1,0.900465009,2.850285662,0.294782081,0.000684873,-0.124760485,-1
686,MODEL1,PARMS,RB1,0.92846089,3.117475157,0.217068164,0.944556495,-1.920394338,-1
687,MODEL1,PARMS,RB1,0.899437348,3.732411339,0.067658182,0.912215788,-1.711608521,-1
688,MODEL1,PARMS,RB1,0.930667174,2.2282186,0.48828573,-0.775289126,1.356407585,-1
689,MODEL1,PARMS,RB1,0.978884514,2.648997472,0.347108585,0.418776926,-1.056651101,-1
690,MODEL1,PARMS,RB1,0.948002714,2.582912553,0.360773466,0.127461994,-0.475359027,-1
691,MODEL1,PARMS,RB1,0.980684894,3.253958403,0.180616803,0.615502338,-1.099495911,-1
692,MODEL1,PARMS,RB1,0.906051274,2.04538441,0.533110587,-0.332818878,0.215077966,-1
693,MODEL1,PARMS,RB1,0.942178156,2.298459076,0.434414859,-0.242152312,0.351878696,-1
694,MODEL1,PARMS,RB1,0.90165137,3.006504591,0.241120099,0.716238854,-1.475584356,-1
695,MODEL1,PARMS,RB1,0.86739586,2.51044721,0.38145837,0.053959116,-0.27145318,-1
696,MODEL1,PARMS,RB1,0.815345,2.86044861,0.258429863,0.942438375,-2.107687083,-1
697,MODEL1,PARMS,RB1,0.941415223,3.932646557,-0.003137251,1.384471914,-2.375135722,-1
698,MODEL1,PARMS,RB1,0.977419242,2.915789999,0.271024854,1.089162005,-2.343904254,-1
699,MODEL1,PARMS,RB1,1.070739646,3.713103194,-0.007664653,2.428186875,-4.716432111,-1
700,MODEL1,PARMS,RB1,0.946169573,2.85285392,0.304302168,0.021999303,-0.1308311,-1
701,MODEL1,PARMS,RB1,0.937785103,2.618061579,0.397829697,-0.291817558,0.328383583,-1
702,MODEL1,PARMS,RB1,0.918923362,2.483805476,0.411479366,-0.151523614,0.033105823,-1
703,MODEL1,PARMS,RB1,0.925533523,3.69097249,0.044090377,1.6227692,-3.125130259,-1
704,MODEL1,PARMS,RB1,1.05457995,3.276375705,0.188451836,0.731168571,-1.32937754,-1
705,MODEL1,PARMS,RB1,0.961350502,2.925401451,0.259628824,0.878696995,-1.873746007,-1
706,MODEL1,PARMS,RB1,0.859361698,2.809453972,0.307707779,0.331808746,-0.72116738,-1
707,MODEL1,PARMS,RB1,0.907360212,3.524723091,0.104249337,1.057521558,-2.000119117,-1
708,MODEL1,PARMS,RB1,0.917292176,2.705145232,0.330335821,0.55593264,-1.289404862,-1
709,MODEL1,PARMS,RB1,0.844893109,3.606834102,0.044052237,1.557122159,-2.761301244,-1
710,MODEL1,PARMS,RB1,0.944055328,2.24219962,0.458412618,-0.21964865,0.159901056,-1
711,MODEL1,PARMS,RB1,0.945388597,2.587585995,0.302490963,0.932508504,-1.921428988,-1
712,MODEL1,PARMS,RB1,0.913976008,2.277465823,0.437328521,-0.339964896,0.45950769,-1
713,MODEL1,PARMS,RB1,0.948186602,2.476257641,0.370026392,0.430405613,-1.059890126,-1
714,MODEL1,PARMS,RB1,0.964083323,2.276363901,0.432374101,-0.154385934,0.210469552,-1
715,MODEL1,PARMS,RB1,0.855108878,2.207432739,0.445631139,0.322533335,-1.160176895,-1
716,MODEL1,PARMS,RB1,0.90356172,2.343323304,0.418823262,-0.098107926,-0.02006094,-1
717,MODEL1,PARMS,RB1,0.851129689,2.64707354,0.290455247,1.431630816,-3.116696505,-1
718,MODEL1,PARMS,RB1,0.972110983,2.833136132,0.30408337,0.108033226,-0.144953517,-1
719,MODEL1,PARMS,RB1,0.953946657,3.101815594,0.242118546,0.800338178,-1.701137988,-1
720,MODEL1,PARMS,RB1,0.956515897,3.227742068,0.19228124,1.104288259,-2.290119842,-1
721,MODEL1,PARMS,RB1,0.866684033,2.928932632,0.284149822,0.367262721,-0.83083822,-1
722,MODEL1,PARMS,RB1,0.892760888,2.62675767,0.316493974,0.819829758,-1.685092058,-1
723,MODEL1,PARMS,RB1,0.869844664,2.301907053,0.403151923,0.593129876,-1.591820531,-1
724,MODEL1,PARMS,RB1,0.851871984,2.448823647,0.407576526,0.212900907,-0.73963909,-1
725,MODEL1,PARMS,RB1,0.866114503,2.733490396,0.314135345,0.393264804,-0.915741717,-1
726,MODEL1,PARMS,RB1,0.928202641,2.303924252,0.434715009,0.051241456,-0.335185015,-1
727,MODEL1,PARMS,RB1,0.929111951,2.818634225,0.283363638,0.574376016,-1.2555331,-1
728,MODEL1,PARMS,RB1,1.013698806,3.548444765,0.119876985,0.932251845,-1.735543685,-1
729,MODEL1,PARMS,RB1,0.914749062,2.880993321,0.253688958,1.089989986,-2.148890636,-1
730,MODEL1,PARMS,RB1,1.004779403,2.876559674,0.284001767,0.364709176,-0.85911884,-1
731,MODEL1,PARMS,RB1,0.919289037,3.100744453,0.253057069,0.318937184,-0.849696153,-1
732,MODEL1,PARMS,RB1,1.008585775,2.119779824,0.48632871,-0.174121,0.002829719,-1
733,MODEL1,PARMS,RB1,0.909248934,2.12435529,0.511293522,-0.897871367,1.509987932,-1
734,MODEL1,PARMS,RB1,0.911486896,2.467478395,0.358850131,0.563367337,-1.345319474,-1
735,MODEL1,PARMS,RB1,0.895036213,3.962289888,-0.018027429,1.767667774,-3.270398178,-1
736,MODEL1,PARMS,RB1,0.949804334,2.615113492,0.368485319,-0.016654527,-0.109507586,-1
737,MODEL1,PARMS,RB1,0.972323917,3.520424473,0.130592955,0.899620471,-1.727439616,-1
738,MODEL1,PARMS,RB1,0.984610972,2.680313904,0.335885013,0.730868566,-1.754751639,-1
739,MODEL1,PARMS,RB1,0.928034159,1.773157519,0.60452518,-0.960229669,1.428460919,-1
740,MODEL1,PARMS,RB1,0.868372181,3.713616259,-0.000405485,1.875871926,-3.3886225,-1
741,MODEL1,PARMS,RB1,0.855491851,3.691567109,0.040974212,1.697242904,-3.154888411,-1
742,MODEL1,PARMS,RB1,0.947147281,2.585303446,0.333521011,0.844343399,-1.789017698,-1
743,MODEL1,PARMS,RB1,1.110054624,2.633623413,0.32619248,0.664967858,-1.523592445,-1
744,MODEL1,PARMS,RB1,0.898090654,2.669371806,0.337951453,0.208658812,-0.492281294,-1
745,MODEL1,PARMS,RB1,1.101926077,3.270702042,0.17697823,1.030435172,-2.064254878,-1
746,MODEL1,PARMS,RB1,1.027279402,2.695932986,0.305654731,0.913121465,-2.008451495,-1
747,MODEL1,PARMS,RB1,0.863579577,2.258387591,0.444709299,0.087114928,-0.635423793,-1
748,MODEL1,PARMS,RB1,1.008546182,1.889464473,0.576823005,-0.954217763,1.557048625,-1
749,MODEL1,PARMS,RB1,1.080939506,2.510990203,0.362347087,0.898102781,-2.242076622,-1
750,MODEL1,PARMS,RB1,0.923217631,3.352631456,0.148145151,0.867256139,-1.648570824,-1
751,MODEL1,PARMS,RB1,0.820716619,2.566125294,0.346442108,0.387123395,-0.93038568,-1
752,MODEL1,PARMS,RB1,1.067362663,2.309330003,0.421883247,0.428390131,-1.240236818,-1
753,MODEL1,PARMS,RB1,0.949642425,3.154053489,0.204477576,0.943738075,-2.02397004,-1
754,MODEL1,PARMS,RB1,0.886865191,2.595359803,0.355607806,0.254402199,-0.728307054,-1
755,MODEL1,PARMS,RB1,0.925645954,2.572631327,0.321656761,0.870167693,-1.888879855,-1
756,MODEL1,PARMS,RB1,1.005771553,3.318143792,0.154495911,1.191656687,-2.399749248,-1
757,MODEL1,PARMS,RB1,0.922713635,2.391848093,0.416490516,-0.268994656,0.348809395,-1
758,MODEL1,PARMS,RB1,0.915102507,3.330267692,0.164520449,0.904953181,-1.778900662,-1
759,MODEL1,PARMS,RB1,0.90012306,2.508146233,0.440798521,-0.876300669,1.529363915,-1
760,MODEL1,PARMS,RB1,0.889064285,3.531880612,0.077668007,1.412417215,-2.636504795,-1
761,MODEL1,PARMS,RB1,0.948749028,3.029335587,0.223996199,1.018117226,-2.0544569,-1
762,MODEL1,PARMS,RB1,0.904182433,2.943194802,0.263250717,0.450278222,-0.929231198,-1
763,MODEL1,PARMS,RB1,0.910534557,3.625425383,0.032289539,1.985206057,-3.785398559,-1
764,MODEL1,PARMS,RB1,0.969042407,3.177946208,0.171145048,1.294624104,-2.530074967,-1
765,MODEL1,PARMS,RB1,0.889751831,2.371390343,0.42900303,-0.116939583,0.037828845,-1
766,MODEL1,PARMS,RB1,0.908373631,2.460607945,0.389246732,0.17170899,-0.617185184,-1
767,MODEL1,PARMS,RB1,0.902048917,2.704190962,0.346866776,0.112354996,-0.415445158,-1
768,MODEL1,PARMS,RB1,0.957044203,3.817134562,0.002489126,1.260208144,-2.298557861,-1
769,MODEL1,PARMS,RB1,0.917645074,2.990442988,0.225986135,1.207444798,-2.54098123,-1
770,MODEL1,PARMS,RB1,0.893713694,3.313765353,0.161169034,1.093527306,-2.146243847,-1
771,MODEL1,PARMS,RB1,0.930989916,3.159328184,0.234794581,0.118256473,-0.063228422,-1
772,MODEL1,PARMS,RB1,0.895964451,3.454222651,0.097571099,1.172968075,-2.058857303,-1
773,MODEL1,PARMS,RB1,0.862327636,2.574112838,0.350352379,0.416257822,-1.118208257,-1
774,MODEL1,PARMS,RB1,0.970103508,2.682993992,0.336122904,0.048977354,-0.423736188,-1
775,MODEL1,PARMS,RB1,0.908329004,2.99732739,0.223655505,0.946693387,-1.957665055,-1
776,MODEL1,PARMS,RB1,0.960401784,2.441241845,0.407926105,0.146471065,-0.631890615,-1
777,MODEL1,PARMS,RB1,0.936328122,2.205710681,0.463879113,-0.313404743,0.365970825,-1
778,MODEL1,PARMS,RB1,0.924805766,2.921946346,0.235740246,1.12644551,-2.371857632,-1
779,MODEL1,PARMS,RB1,0.929594493,3.292770892,0.163231058,0.982854581,-2.005110781,-1
780,MODEL1,PARMS,RB1,0.943390922,2.451843593,0.360174617,0.915801922,-2.104377452,-1
781,MODEL1,PARMS,RB1,0.859308755,3.459688143,0.106363114,1.893433752,-3.848990036,-1
782,MODEL1,PARMS,RB1,0.854423924,2.467250859,0.403342146,-0.00809967,-0.230364557,-1
783,MODEL1,PARMS,RB1,0.936381387,2.266652976,0.446486716,-0.208016467,0.22616814,-1
784,MODEL1,PARMS,RB1,0.924473206,3.049601149,0.197602347,1.097972517,-2.101110456,-1
785,MODEL1,PARMS,RB1,0.922883052,3.183592567,0.135267101,1.787280605,-3.444912856,-1
786,MODEL1,PARMS,RB1,0.857942175,2.600474276,0.351724728,0.203553692,-0.630595835,-1
787,MODEL1,PARMS,RB1,0.926202127,2.712058207,0.304168172,0.98201517,-2.250529419,-1
788,MODEL1,PARMS,RB1,0.896026909,2.661548795,0.291657623,1.106424975,-2.327614529,-1
789,MODEL1,PARMS,RB1,0.912357531,2.913202604,0.262209456,0.525589951,-1.014267592,-1
790,MODEL1,PARMS,RB1,0.890289283,3.137795838,0.18858623,0.84075632,-1.678531596,-1
791,MODEL1,PARMS,RB1,0.923270644,2.910801238,0.268740762,0.379282897,-0.69554331,-1
792,MODEL1,PARMS,RB1,0.878039386,2.281211011,0.454340944,-0.636102424,0.967830772,-1
793,MODEL1,PARMS,RB1,0.926720212,1.942166262,0.556752648,-0.709307884,0.92226962,-1
794,MODEL1,PARMS,RB1,0.861151056,3.380646203,0.098662368,1.714482981,-3.197140849,-1
795,MODEL1,PARMS,RB1,0.878051866,3.094312331,0.232222736,0.526258966,-1.065284543,-1
796,MODEL1,PARMS,RB1,0.93344167,2.396846954,0.425237015,-0.064075335,-0.053809379,-1
797,MODEL1,PARMS,RB1,0.894461745,2.38367178,0.424125816,0.002029904,-0.271064969,-1
798,MODEL1,PARMS,RB1,0.950206471,2.849425154,0.297917718,0.847519286,-1.940983946,-1
799,MODEL1,PARMS,RB1,0.927450785,2.836339364,0.256061076,0.976154869,-2.102256867,-1
800,MODEL1,PARMS,RB1,0.922010718,2.982319571,0.259194701,0.46817173,-0.887051541,-1
801,MODEL1,PARMS,RB1,0.91056098,3.041329494,0.2384707,0.739860526,-1.538174368,-1
802,MODEL1,PARMS,RB1,0.912546705,2.788280448,0.312672323,0.133248417,-0.352482528,-1
803,MODEL1,PARMS,RB1,0.926811628,3.897368407,-0.048362452,2.50434009,-4.792212146,-1
804,MODEL1,PARMS,RB1,0.854328774,2.611402391,0.329840082,0.432878573,-1.038218789,-1
805,MODEL1,PARMS,RB1,1.305757248,3.147094746,0.16147493,2.65580259,-5.597625288,-1
806,MODEL1,PARMS,RB1,0.920935892,3.189364428,0.190716002,0.667830319,-1.145730639,-1
807,MODEL1,PARMS,RB1,0.93233366,3.003151759,0.219817467,1.061868595,-2.122255032,-1
808,MODEL1,PARMS,RB1,0.939948838,3.003440621,0.22982948,0.648388884,-1.280601696,-1
809,MODEL1,PARMS,RB1,0.922462191,2.142166744,0.499123518,-0.594179552,0.819518294,-1
810,MODEL1,PARMS,RB1,0.879622958,2.804995605,0.279554653,0.581304474,-1.15985855,-1
811,MODEL1,PARMS,RB1,1.003841071,3.070553102,0.201904379,1.502952912,-3.097228657,-1
812,MODEL1,PARMS,RB1,0.967883016,2.73611552,0.309068688,0.681160864,-1.586635786,-1
813,MODEL1,PARMS,RB1,0.878883056,2.963813798,0.227569877,1.135336584,-2.367116725,-1
814,MODEL1,PARMS,RB1,0.915618653,2.488147961,0.351290091,0.342607269,-0.749356844,-1
815,MODEL1,PARMS,RB1,0.914053075,2.764544697,0.295616986,0.834725515,-1.966783029,-1
816,MODEL1,PARMS,RB1,0.888786789,2.479067089,0.396354354,0.13903636,-0.583616971,-1
817,MODEL1,PARMS,RB1,0.949692742,2.734113479,0.324036926,0.357766314,-0.874664333,-1
818,MODEL1,PARMS,RB1,1.073202058,2.783231009,0.306175754,0.556572566,-1.232983727,-1
819,MODEL1,PARMS,RB1,0.897229792,2.824590641,0.27836508,0.902769515,-1.882242467,-1
820,MODEL1,PARMS,RB1,0.851953396,3.108780479,0.250251668,0.080086988,-0.141152789,-1
821,MODEL1,PARMS,RB1,0.975692388,2.966560773,0.259060067,0.653063685,-1.433623352,-1
822,MODEL1,PARMS,RB1,0.906831562,2.149999035,0.46270441,-0.147289948,-0.006902302,-1
823,MODEL1,PARMS,RB1,0.905926324,2.66733582,0.318140691,0.600790186,-1.38844298,-1
824,MODEL1,PARMS,RB1,1.025657426,3.185589926,0.246208071,0.248627001,-0.551030978,-1
825,MODEL1,PARMS,RB1,0.878632739,2.401700468,0.394987908,0.167391761,-0.53919609,-1
826,MODEL1,PARMS,RB1,0.913331824,2.409327113,0.404307564,-0.203464749,0.093049843,-1
827,MODEL1,PARMS,RB1,0.942760666,3.750217999,0.022442795,1.690903424,-3.014953695,-1
828,MODEL1,PARMS,RB1,0.885873928,2.70699216,0.293918795,0.69425704,-1.499548183,-1
829,MODEL1,PARMS,RB1,0.876993666,2.589556827,0.375175944,-0.137304188,0.023657168,-1
830,MODEL1,PARMS,RB1,1.005235165,3.083818297,0.232793014,0.594640813,-1.103632659,-1
831,MODEL1,PARMS,RB1,0.970614694,2.51822941,0.371407876,0.389861871,-1.050418833,-1
832,MODEL1,PARMS,RB1,0.917356537,2.341800392,0.425793246,-0.333590644,0.536260965,-1
833,MODEL1,PARMS,RB1,1.092361844,3.020245408,0.243257507,1.14910374,-2.403404862,-1
834,MODEL1,PARMS,RB1,0.905799057,2.821521765,0.278335625,0.830030444,-1.759892274,-1
835,MODEL1,PARMS,RB1,0.868569299,2.062611062,0.508612472,-0.749471058,1.239037465,-1
836,MODEL1,PARMS,RB1,0.884679026,2.517282676,0.373762908,0.485452037,-1.302885597,-1
837,MODEL1,PARMS,RB1,0.88194105,3.386968461,0.151735673,0.700360741,-1.298402539,-1
838,MODEL1,PARMS,RB1,1.096729106,2.354540229,0.428583857,-0.0328786,-0.274995087,-1
839,MODEL1,PARMS,RB1,0.878730673,2.254669373,0.430616293,-0.381167734,0.479908147,-1
840,MODEL1,PARMS,RB1,0.920792386,2.974889438,0.242588408,0.482619012,-0.990876089,-1
841,MODEL1,PARMS,RB1,0.89589864,1.954484895,0.551712182,-0.900508033,1.496006146,-1
842,MODEL1,PARMS,RB1,0.908990125,2.422131695,0.401437704,-0.14568387,0.046801988,-1
843,MODEL1,PARMS,RB1,1.190453861,3.478041973,0.076995719,1.958889594,-3.674651758,-1
844,MODEL1,PARMS,RB1,0.859548516,2.837956072,0.285907313,0.816667386,-1.860655396,-1
845,MODEL1,PARMS,RB1,0.871852731,3.125043552,0.219522511,0.323094984,-0.640406903,-1
846,MODEL1,PARMS,RB1,1.003213601,2.966265615,0.220103316,1.433485982,-2.918707447,-1
847,MODEL1,PARMS,RB1,0.836261851,1.917008243,0.53712551,-0.322146799,0.167766339,-1
848,MODEL1,PARMS,RB1,0.940012135,2.646698977,0.338661685,0.353357411,-0.833843592,-1
849,MODEL1,PARMS,RB1,0.875855971,2.215800943,0.468618437,-0.40862302,0.441533569,-1
850,MODEL1,PARMS,RB1,0.938095276,2.069810211,0.53721251,-0.816488278,1.394401518,-1
851,MODEL1,PARMS,RB1,0.881094443,2.411171364,0.364553873,0.446435486,-1.147918814,-1
852,MODEL1,PARMS,RB1,0.824911164,2.078718437,0.5120101,-0.289787616,0.082213867,-1
853,MODEL1,PARMS,RB1,1.013896709,3.945193572,-0.027184911,1.82658073,-3.380274127,-1
854,MODEL1,PARMS,RB1,0.914455656,2.485594113,0.371689823,0.370545989,-0.994655198,-1
855,MODEL1,PARMS,RB1,0.978136323,2.690078774,0.340450071,0.545195085,-1.278953314,-1
856,MODEL1,PARMS,RB1,0.936390162,3.298706484,0.116154354,1.518395687,-2.912191781,-1
857,MODEL1,PARMS,RB1,0.936887802,2.825192318,0.261975178,1.125635593,-2.415931133,-1
858,MODEL1,PARMS,RB1,1.000042944,2.289164617,0.445467514,0.125629255,-0.607104318,-1
859,MODEL1,PARMS,RB1,0.960974532,2.76268447,0.271087755,0.961331898,-1.857719849,-1
860,MODEL1,PARMS,RB1,0.943535475,2.562563033,0.373348164,0.354154497,-0.974462461,-1
861,MODEL1,PARMS,RB1,1.024697249,3.391963202,0.139613038,0.887281905,-1.660944822,-1
862,MODEL1,PARMS,RB1,0.937130185,3.177573384,0.211273381,0.808575284,-1.699477476,-1
863,MODEL1,PARMS,RB1,0.939562999,3.483401433,0.120097462,1.211374942,-2.355401173,-1
864,MODEL1,PARMS,RB1,0.863939085,2.54492233,0.366109044,0.005518531,-0.114204175,-1
865,MODEL1,PARMS,RB1,1.063582834,1.713258678,0.598077904,-0.568300287,0.558490443,-1
866,MODEL1,PARMS,RB1,0.899627303,1.901867036,0.543690987,-0.309152072,0.134316566,-1
867,MODEL1,PARMS,RB1,0.925242967,2.786762089,0.28491478,0.817947177,-1.7399051,-1
868,MODEL1,PARMS,RB1,0.924929003,2.406985554,0.403132371,0.191539623,-0.667587121,-1
869,MODEL1,PARMS,RB1,0.993490278,3.158834033,0.187644708,1.260173589,-2.503246325,-1
870,MODEL1,PARMS,RB1,0.915883267,3.538886214,0.092845449,1.203342941,-2.404144418,-1
871,MODEL1,PARMS,RB1,0.976926748,2.134990478,0.489638777,-0.053197905,-0.1696641,-1
872,MODEL1,PARMS,RB1,0.847437337,2.684587882,0.326736049,0.43395026,-1.064368925,-1
873,MODEL1,PARMS,RB1,0.893145492,2.223704164,0.454899087,-0.249556547,0.0897551,-1
874,MODEL1,PARMS,RB1,0.9188589,2.359120067,0.401253622,0.489757994,-1.277541284,-1
875,MODEL1,PARMS,RB1,0.856169546,3.487906119,0.110976053,1.359940305,-2.733955034,-1
876,MODEL1,PARMS,RB1,0.978702869,3.758881353,0.029713883,1.561844292,-2.98343553,-1
877,MODEL1,PARMS,RB1,0.924220188,1.750341219,0.594382352,-0.747259988,0.960071698,-1
878,MODEL1,PARMS,RB1,0.921234166,3.763476269,0.030103949,1.629415384,-3.166312655,-1
879,MODEL1,PARMS,RB1,0.880226464,2.947180585,0.235602345,1.009237071,-2.029131561,-1
880,MODEL1,PARMS,RB1,0.918789445,2.275524853,0.428541992,0.172299803,-0.627671304,-1
881,MODEL1,PARMS,RB1,0.977227131,3.031763642,0.266359944,0.629725556,-1.311283484,-1
882,MODEL1,PARMS,RB1,0.994255631,2.777466747,0.345397697,-0.381953036,0.792938206,-1
883,MODEL1,PARMS,RB1,0.932424613,2.951820277,0.294246652,0.34142543,-0.891171594,-1
884,MODEL1,PARMS,RB1,0.895061103,3.102157159,0.18579984,0.790674504,-1.434347587,-1
885,MODEL1,PARMS,RB1,0.882474652,2.336688187,0.45320279,-0.472705181,0.711035766,-1
886,MODEL1,PARMS,RB1,0.867239208,3.070699093,0.212709312,0.618147589,-1.240962149,-1
887,MODEL1,PARMS,RB1,0.888416737,2.330513112,0.427639601,0.238371825,-0.952012892,-1
888,MODEL1,PARMS,RB1,0.929050947,3.406622572,0.163931668,0.575243394,-1.149132953,-1
889,MODEL1,PARMS,RB1,0.887140681,2.933382383,0.26949816,0.173397402,-0.259001345,-1
890,MODEL1,PARMS,RB1,0.887110818,2.842462316,0.29572119,0.595018949,-1.355890478,-1
891,MODEL1,PARMS,RB1,0.987848989,4.22769647,-0.117692064,2.446255658,-4.531034499,-1
892,MODEL1,PARMS,RB1,0.871390937,3.022357917,0.21677941,1.091323593,-2.271368553,-1
893,MODEL1,PARMS,RB1,0.869356291,2.665936861,0.32467799,0.119750633,-0.308730299,-1
894,MODEL1,PARMS,RB1,0.903345887,2.798776973,0.293965826,0.597703667,-1.380891916,-1
895,MODEL1,PARMS,RB1,0.914261495,1.840939901,0.551706927,-0.56607671,0.706804395,-1
896,MODEL1,PARMS,RB1,0.914948147,2.392997257,0.418098124,0.218600527,-0.724125425,-1
897,MODEL1,PARMS,RB1,0.917328537,2.421085601,0.402895966,0.197503203,-0.695446007,-1
898,MODEL1,PARMS,RB1,0.836116453,2.574975639,0.364067091,0.167923173,-0.43520163,-1
899,MODEL1,PARMS,RB1,0.877818627,2.293055502,0.420322419,0.612719843,-1.652246489,-1
900,MODEL1,PARMS,RB1,0.869333576,3.171298067,0.184739371,1.15724839,-2.296929506,-1
901,MODEL1,PARMS,RB1,0.920492912,2.526927864,0.407532542,0.046846274,-0.485182978,-1
902,MODEL1,PARMS,RB1,0.915446645,2.566773293,0.374154394,-0.172315432,0.267350265,-1
903,MODEL1,PARMS,RB1,0.950157699,3.491274466,0.089639454,1.386145071,-2.720765673,-1
904,MODEL1,PARMS,RB1,0.913474424,2.823955967,0.270881797,0.751357656,-1.510626322,-1
905,MODEL1,PARMS,RB1,0.934499002,2.753887132,0.325510588,0.506838752,-1.279058154,-1
906,MODEL1,PARMS,RB1,0.871219544,3.068829386,0.227234656,0.402649854,-0.729819556,-1
907,MODEL1,PARMS,RB1,0.86981207,2.383895642,0.433567188,-0.288490548,0.329006229,-1
908,MODEL1,PARMS,RB1,1.17817076,2.70186931,0.328519251,1.012231526,-2.320323536,-1
909,MODEL1,PARMS,RB1,1.054794109,2.033378141,0.537411539,-0.483764358,0.533207928,-1
910,MODEL1,PARMS,RB1,0.90336167,2.726293749,0.311752008,0.847379023,-1.883475191,-1
911,MODEL1,PARMS,RB1,0.898608568,2.972778182,0.273952897,0.747841872,-1.737304085,-1
912,MODEL1,PARMS,RB1,0.953970629,2.300131889,0.395908048,0.405209763,-1.040618739,-1
913,MODEL1,PARMS,RB1,0.927638806,2.997624278,0.210561275,1.382615495,-2.835515259,-1
914,MODEL1,PARMS,RB1,0.947441872,2.875685559,0.275164228,0.372455148,-0.655934767,-1
915,MODEL1,PARMS,RB1,0.96981511,2.91516549,0.257893981,0.386378684,-0.773753912,-1
916,MODEL1,PARMS,RB1,1.014012126,2.584616308,0.354587237,0.686648516,-1.7026748,-1
917,MODEL1,PARMS,RB1,0.973924905,3.02416636,0.241747646,0.814974619,-1.747599421,-1
918,MODEL1,PARMS,RB1,0.990226021,2.12962299,0.480768571,-0.292372635,0.38063214,-1
919,MODEL1,PARMS,RB1,0.867161278,3.236007808,0.143855577,1.612108978,-3.293141001,-1
920,MODEL1,PARMS,RB1,1.296887074,3.846493485,0.006734515,2.491278245,-4.966714286,-1
921,MODEL1,PARMS,RB1,0.915572253,3.142018795,0.230433952,0.356772048,-0.599103615,-1
922,MODEL1,PARMS,RB1,0.921973535,2.928910811,0.256504342,0.845611196,-1.755611273,-1
923,MODEL1,PARMS,RB1,0.973236913,3.85813278,0.024155187,1.236665724,-2.214635688,-1
924,MODEL1,PARMS,RB1,0.874642086,2.361276891,0.383888761,0.480414202,-1.131545106,-1
925,MODEL1,PARMS,RB1,0.897198777,3.118398245,0.202704757,1.141493805,-2.346094086,-1
926,MODEL1,PARMS,RB1,0.977304417,2.232735832,0.471782238,-0.451217303,0.682783506,-1
927,MODEL1,PARMS,RB1,0.874270638,3.238449236,0.156065316,1.437725648,-2.837959831,-1
928,MODEL1,PARMS,RB1,1.016380746,3.555371575,0.009309863,2.56508923,-4.906305711,-1
929,MODEL1,PARMS,RB1,0.923154324,2.996894475,0.242746727,0.782800905,-1.672750069,-1
930,MODEL1,PARMS,RB1,0.892764421,3.377843034,0.133627339,1.158222189,-2.202865203,-1
931,MODEL1,PARMS,RB1,0.931413279,2.461958932,0.418817885,-0.391332683,0.522756631,-1
932,MODEL1,PARMS,RB1,0.943310841,2.57517916,0.383788809,-0.212610408,0.253882482,-1
933,MODEL1,PARMS,RB1,0.943959142,2.844627295,0.307861771,0.447742743,-0.993274254,-1
934,MODEL1,PARMS,RB1,1.052579735,2.163490913,0.449571854,0.80719234,-2.157464942,-1
935,MODEL1,PARMS,RB1,0.909643941,2.835633991,0.246967531,1.1490626,-2.308822132,-1
936,MODEL1,PARMS,RB1,0.975204293,2.733017068,0.302589844,0.291515543,-0.664610956,-1
937,MODEL1,PARMS,RB1,0.955299438,2.806998184,0.336395595,0.142784744,-0.493970765,-1
938,MODEL1,PARMS,RB1,0.989224391,3.240269109,0.168182925,1.097725806,-2.14826075,-1
939,MODEL1,PARMS,RB1,0.963588815,2.977332257,0.245749629,0.828188176,-1.677564741,-1
940,MODEL1,PARMS,RB1,0.935422307,3.169613194,0.196278031,0.638323574,-1.227553701,-1
941,MODEL1,PARMS,RB1,0.979020935,2.43443824,0.377706648,0.150159307,-0.603248834,-1
942,MODEL1,PARMS,RB1,1.014345459,2.728445462,0.34014931,0.108410526,-0.398317621,-1
943,MODEL1,PARMS,RB1,0.841025251,3.534545585,0.098517848,0.976064185,-1.820809724,-1
944,MODEL1,PARMS,RB1,1.047914761,2.200054317,0.500187041,-0.676934655,1.028530262,-1
945,MODEL1,PARMS,RB1,0.942577905,3.049447331,0.195021487,1.203260414,-2.385181765,-1
946,MODEL1,PARMS,RB1,0.928211222,3.6337387,0.053902253,1.883466871,-3.710700942,-1
947,MODEL1,PARMS,RB1,0.881736447,2.278248466,0.459647568,-0.091958953,-0.085539418,-1
948,MODEL1,PARMS,RB1,1.02555201,3.190020579,0.215372834,1.015669463,-2.203637878,-1
949,MODEL1,PARMS,RB1,0.857525316,2.487004443,0.419538337,-0.265276278,0.218902538,-1
950,MODEL1,PARMS,RB1,0.867143763,2.339849896,0.441062432,-0.636401017,1.140202449,-1
951,MODEL1,PARMS,RB1,0.880484169,2.157822466,0.489979783,-0.57657831,0.823582621,-1
952,MODEL1,PARMS,RB1,0.903735568,3.208973432,0.154143387,1.514626518,-2.982050993,-1
953,MODEL1,PARMS,RB1,0.874180994,2.560737183,0.348821922,0.653109955,-1.548170179,-1
954,MODEL1,PARMS,RB1,0.980893849,2.423195047,0.414274877,-0.202329177,0.195114116,-1
955,MODEL1,PARMS,RB1,0.911927669,3.300709978,0.196365505,0.77529351,-1.671922972,-1
956,MODEL1,PARMS,RB1,1.020376726,3.072180226,0.227204632,0.313562118,-0.469454178,-1
957,MODEL1,PARMS,RB1,0.912637772,3.268449376,0.166037785,1.021456629,-2.032993807,-1
958,MODEL1,PARMS,RB1,0.83736227,2.233790149,0.442232543,0.118140841,-0.537655583,-1
959,MODEL1,PARMS,RB1,0.920491183,3.061750769,0.181943929,1.594741071,-3.297322973,-1
960,MODEL1,PARMS,RB1,0.934883221,2.931057452,0.256385565,0.920093147,-1.846060216,-1
961,MODEL1,PARMS,RB1,0.968528531,3.250444702,0.184092707,0.969287697,-1.91107392,-1
962,MODEL1,PARMS,RB1,0.909590951,3.272050058,0.138977651,1.278083064,-2.469791748,-1
963,MODEL1,PARMS,RB1,0.985777165,3.302681826,0.181017724,0.395605613,-0.566973749,-1
964,MODEL1,PARMS,RB1,0.936915105,2.615389777,0.336931129,0.311059257,-0.669653536,-1
965,MODEL1,PARMS,RB1,0.868876412,2.414882868,0.404221567,-0.00235545,-0.317161916,-1
966,MODEL1,PARMS,RB1,0.903435602,3.387134169,0.103222989,1.437622978,-2.773329502,-1
967,MODEL1,PARMS,RB1,0.857898721,2.543670619,0.35049234,0.357178765,-0.82377842,-1
968,MODEL1,PARMS,RB1,0.905187601,2.749878996,0.28089104,1.052407075,-2.297417463,-1
969,MODEL1,PARMS,RB1,0.915341975,2.54299514,0.369822958,0.042178493,-0.244614025,-1
970,MODEL1,PARMS,RB1,0.876986736,2.765694757,0.33428721,0.301192327,-0.768409606,-1
971,MODEL1,PARMS,RB1,0.897257539,2.965669902,0.292312211,-0.104061501,0.095134197,-1
972,MODEL1,PARMS,RB1,1.109547602,2.966460709,0.262450683,0.480377733,-0.936214349,-1
973,MODEL1,PARMS,RB1,0.855240194,1.872536493,0.581880167,-0.840157705,1.241923515,-1
974,MODEL1,PARMS,RB1,0.852509695,2.455668802,0.390304999,0.198961168,-0.53526819,-1
975,MODEL1,PARMS,RB1,0.922031638,2.850789269,0.295947337,0.464986398,-1.041537582,-1
976,MODEL1,PARMS,RB1,0.902493079,2.649289072,0.299145605,0.786159865,-1.674321779,-1
977,MODEL1,PARMS,RB1,0.905483176,2.245339141,0.418134592,0.172415483,-0.47483064,-1
978,MODEL1,PARMS,RB1,1.022992495,2.544999627,0.369097064,0.7534463,-1.867490655,-1
979,MODEL1,PARMS,RB1,0.908347452,2.603451293,0.350691365,0.084413786,-0.311004779,-1
980,MODEL1,PARMS,RB1,0.988074405,2.761049386,0.292480985,0.540335058,-1.221517559,-1
981,MODEL1,PARMS,RB1,0.960952123,3.578412556,0.070026345,1.794035539,-3.505984848,-1
982,MODEL1,PARMS,RB1,0.971598958,2.621189798,0.386458061,0.162678792,-0.637853345,-1
983,MODEL1,PARMS,RB1,0.967192663,2.271441286,0.462830996,-0.413143803,0.512334957,-1
984,MODEL1,PARMS,RB1,0.959301001,2.555967718,0.382948484,0.035604967,-0.321839426,-1
985,MODEL1,PARMS,RB1,0.890352913,2.513991444,0.374022051,0.093328909,-0.356422076,-1
986,MODEL1,PARMS,RB1,0.942469109,3.391690332,0.13544421,0.773745834,-1.501572514,-1
987,MODEL1,PARMS,RB1,0.868798256,2.840325919,0.290648461,0.074838554,-0.197553868,-1
988,MODEL1,PARMS,RB1,0.917980706,3.018012129,0.250078328,1.152132555,-2.51976681,-1
989,MODEL1,PARMS,RB1,0.898171034,3.520513752,0.104476607,1.124820688,-2.143521799,-1
990,MODEL1,PARMS,RB1,1.118938687,2.395836217,0.380632404,0.649521571,-1.680875641,-1
991,MODEL1,PARMS,RB1,0.975358267,3.418800779,0.117312353,1.32483718,-2.512119147,-1
992,MODEL1,PARMS,RB1,0.85514754,2.711038581,0.308860832,0.377525227,-0.800934969,-1
993,MODEL1,PARMS,RB1,0.912408036,2.941387682,0.262136905,0.279791433,-0.478811026,-1
994,MODEL1,PARMS,RB1,0.903655674,3.223903435,0.190970971,0.985468433,-1.936438574,-1
995,MODEL1,PARMS,RB1,0.914982303,2.610744134,0.334211442,0.402001499,-0.911307574,-1
996,MODEL1,PARMS,RB1,0.938534471,2.391029225,0.416814728,0.00935245,-0.29440845,-1
997,MODEL1,PARMS,RB1,0.867995143,3.113745849,0.226847656,0.371720609,-0.850323881,-1
998,MODEL1,PARMS,RB1,1.04263388,2.6956187,0.308283105,0.994145835,-2.12748787,-1
999,MODEL1,PARMS,RB1,0.94153921,2.85419391,0.286993013,0.402150005,-0.977798197,-1
1000,MODEL1,PARMS,RB1,0.900630789,2.067525235,0.488628174,-0.383299668,0.422901372,-1
